S.No,Country,City,Company,LINKEDIN LINK,Website,Tech Need / Problem,EMAIL,CONTACT,Google Map,Category,Ratings,Reviews,Clean_Category,Business_Type,Rating_Score,Log_Reviews,Review_Volume_Score,Review_Score,Review_Data_Available,Review_Class,Company_Name_Length,Category_Frequency,Category_Encoded,Numerical_Review,Predicted_Review_Class,Predicted_Review_Probability
1,India,Lucknow,Ladies First Beauty Salon,,,,,7499858640,https://maps.app.goo.gl/zQKMiLRnw9RziQSh6,Beauty Salon ,4.5,399,Beauty Salon,Indian,0.9,5.991464547107982,0.6177846021431702,0.7871138408572681,Review Data Available,High,25,20,0,4.5,High,1.0
2,India,Lucknow,Priya Beauty Salon,,,,,8881200100,https://maps.app.goo.gl/jm5JRZPhwYTUJqSR9,Beauty Salon ,4.8,55,Beauty Salon,Indian,0.96,4.02535169073515,0.4150571656052784,0.7420228662421113,Review Data Available,Medium,18,20,0,4.8,Medium,0.8
3,India,Lucknow,Looks,,,,,9919990738,https://maps.app.goo.gl/3B8ZhGzqW2v8Pb5R7,Beauty Salon ,4.8,329,Beauty Salon,Indian,0.96,5.799092654460526,0.5979489856209791,0.8151795942483916,Review Data Available,High,5,20,0,4.8,High,1.0
4,India,Lucknow,"Glow N Glam",,,,,9919736852,https://maps.app.goo.gl/aQTVy4qYCbXqdmMK6,Beauty Salon ,4.6,221,Beauty Salon,Indian,0.9199999999999999,5.402677381872279,0.5570742963803298,0.7748297185521319,Review Data Available,High,12,20,0,4.6,High,0.96
5,USA,New York,NY-2 Food Market,,,,,12125822075,https://maps.app.goo.gl/QNWKnhprAJ5gZAmUA,Grocery Store,4.3,55,Grocery Store,Foreign,0.86,4.02535169073515,0.4150571656052784,0.6820228662421114,Review Data Available,Medium,16,16,6,4.3,Medium,0.99
6,USA,New York,Noho Food Market,,,,,16464764047,https://maps.app.goo.gl/34fGKMS5i3FvqevD6,Grocery Store,4.2,57,Grocery Store,Foreign,0.8400000000000001,4.060443010546419,0.4186754590755699,0.6714701836302279,Review Data Available,Medium,16,16,6,4.2,Medium,0.96
7,USA,New York,Parkview Convenience,,,,,16466923022,https://maps.app.goo.gl/BGEzEjtYC9VTef3w5,Grocery Store,5.0,3,Grocery Store,Foreign,1.0,1.3862943611198906,0.14294189736149945,0.6571767589445998,Review Data Available,Medium,20,16,6,5.0,Medium,0.98
8,USA,New York,NYC convenience (maiden lane),,,,,15186753636,https://maps.app.goo.gl/szZhHoHRyeno9ibX7,Grocery Store,4.5,12,Grocery Store,Foreign,0.9,2.5649493574615367,0.26447393719147,0.6457895748765881,Review Data Available,Medium,29,16,6,4.5,Medium,0.99
9,USA,New York,Sonny's Grocery store,,,,,12125417747,https://maps.app.goo.gl/4H16AYmruc587pTS9,Grocery Store,4.5,15,Grocery Store,Foreign,0.9,2.772588722239781,0.2858837947229989,0.6543535178891996,Review Data Available,Medium,21,16,6,4.5,Medium,1.0
10,USA,New York,Chelsea convenience & more,,,,,19293127422,https://maps.app.goo.gl/Gjkkb4igdtAQd3JH9,Grocery Store,3.5,8,Grocery Store,Foreign,0.7,2.1972245773362196,0.22655754709990902,0.5106230188399636,Review Data Available,Low,26,16,6,3.5,Low,0.94
11,USA,New York,59 Bayard Market,,,,,12126088866,https://maps.app.goo.gl/pMxgUUTUUSEtVPFB8,Grocery Store,4.6,17,Grocery Store,Foreign,0.9199999999999999,2.8903717578961645,0.2980284957806587,0.6712113983122634,Review Data Available,Medium,16,16,6,4.6,Medium,0.99
12,USA,New York,Ez Minimart,,,,,12124757962,https://maps.app.goo.gl/Lxyosg9qh5Uzt96W8,Grocery Store,4.0,14,Grocery Store,Foreign,0.8,2.70805020110221,0.27922917726004015,0.5916916709040161,Review Data Available,Low,11,16,6,4.0,Low,1.0
13,USA,New York,2nd Ave. Grocery & Smoke Shop,,,,,12124470131,https://maps.app.goo.gl/TR15mrcLyrQAqcLN6,Grocery Store,5.0,6,Grocery Store,Foreign,1.0,1.9459101490553132,0.20064431956302917,0.6802577278252117,Review Data Available,Medium,29,16,6,5.0,Medium,1.0
14,USA,New York,Boongs Grab and Go,,,,,16469830367,https://maps.app.goo.gl/Be8qfRo1rLCJyD2X8,Grocery Store,4.1,25,Grocery Store,Foreign,0.82,3.258096538021482,0.3359448858722197,0.6263779543488879,Review Data Available,Low,18,16,6,4.1,Low,0.75
15,USA,New York,Soho Garden,,,,,12129415973,https://maps.app.goo.gl/CC1a4SD9SUgxzgDW7,Grocery Store,4.2,63,Grocery Store,Foreign,0.8400000000000001,4.1588830833596715,0.42882569208449833,0.6755302768337994,Review Data Available,Medium,11,16,6,4.2,Medium,0.97
16,USA,New York,Mitsuki Japanese Market,,,,,16468613801,https://maps.app.goo.gl/dZDq1dyg4zxVBXdr7,Grocery Store,4.9,438,Grocery Store,Foreign,0.9800000000000001,6.0844994130751715,0.6273775000406845,0.8389510000162739,Review Data Available,High,23,16,6,4.9,High,0.99
17,USA,New York,Peas & Pickles,,,,,17184888336,https://maps.app.goo.gl/X4HqRVDxn88dG3LF7,Grocery Store,3.7,432,Grocery Store,Foreign,0.74,6.07073772800249,0.6259585219142846,0.6943834087657139,Review Data Available,Medium,14,16,6,3.7,Medium,0.94
18,USA,New York,Ha Ha Fresh Corporation,,,,,12129247249,https://maps.app.goo.gl/RUoX6ZfrfkwUrXUR8,General Store,3.8,16,General Store,Foreign,0.76,2.833213344056216,0.29213484696147446,0.5728539387845898,Review Data Available,Low,23,42,5,3.8,Low,1.0
19,USA,New York,Lime Tree Market,,,,,19176756480,https://maps.app.goo.gl/mRqMhvYnQCuBanHu8,Grocery Store,3.8,50,Grocery Store,Foreign,0.76,3.9318256327243257,0.405413620511429,0.6181654482045715,Review Data Available,Low,16,16,6,3.8,Low,1.0
20,India,Lucknow,Lucknow Medical Store,,,,,9795874121,https://maps.app.goo.gl/gF8nNigdUrRL2XuJ6,Pharmacy,4.4,26,Pharmacy,Indian,0.8800000000000001,3.295836866004329,0.3398363206498635,0.6639345282599455,Review Data Available,Medium,21,93,8,4.4,Medium,0.98
21,India,Lucknow,Krishna Medicals,,,,,9118147955,https://maps.app.goo.gl/LYPPy5VnmPr4H6zw6,Pharmacy,4.8,66,Pharmacy,Indian,0.96,4.204692619390966,0.4335491492240581,0.7494196596896232,Review Data Available,High,16,93,8,4.8,High,0.96
22,India,Lucknow,Kishori Lal Prabhu Dayal Medical Store,,,,,9451314111,https://maps.app.goo.gl/FyP4BF3uzXvpEooY7,Pharmacy,4.2,31,Pharmacy,Indian,0.8400000000000001,3.4657359027997265,0.3573547434037486,0.6469418973614994,Review Data Available,Medium,38,93,8,4.2,Medium,0.98
23,India,Lucknow,SACHDEVA MEDICAL STORES,,,,,9415425996,https://maps.app.goo.gl/AFuuhnb64qJoRAt88,Pharmacy,4.4,171,Pharmacy,Indian,0.8800000000000001,5.147494476813453,0.5307621871729741,0.7403048748691896,Review Data Available,Medium,23,93,8,4.4,Medium,0.72
24,India,Lucknow,Anuj Medicals,,,,,7398951960,https://maps.app.goo.gl/RKG9c9JhXiFJGTtx7,Pharmacy,4.9,85,Pharmacy,Indian,0.9800000000000001,4.454347296253507,0.4592912384922243,0.7717164953968898,Review Data Available,High,13,93,8,4.9,High,0.98
25,India,Lucknow,Nirmala medical store,,,,,9839108070,https://maps.app.goo.gl/frsVWbfV96yfbUWF7,Pharmacy,4.5,71,Pharmacy,Indian,0.9,4.276666119016055,0.4409703931421582,0.7163881572568633,Review Data Available,Medium,21,93,8,4.5,Medium,1.0
26,India,Lucknow,Anshu Medical Store,,,,,9389812289,https://maps.app.goo.gl/bHUXrRLsucc9XXCn7,Pharmacy,3.8,54,Pharmacy,Indian,0.76,4.007333185232471,0.4131992633902749,0.6212797053561099,Review Data Available,Low,19,93,8,3.8,Low,0.98
27,India,Lucknow,MEDICINE HOUSE,,,,,7408214444,https://maps.app.goo.gl/UZUchN6fm1TKEuWY6,Pharmacy,4.1,54,Pharmacy,Indian,0.82,4.007333185232471,0.4131992633902749,0.6572797053561099,Review Data Available,Medium,14,93,8,4.1,Medium,0.94
28,India,Lucknow,Universal Medical Store,,,,,8419075786,https://maps.app.goo.gl/HFf13V4A8E7P1mR58,Pharmacy,4.5,24,Pharmacy,Indian,0.9,3.2188758248682006,0.3319008074201713,0.6727603229680685,Review Data Available,Medium,23,93,8,4.5,Medium,1.0
29,India,Lucknow,Ashtang Medicine Mall,,,,,5224068374,https://maps.app.goo.gl/KvKR3ZquYniyomrb6,Pharmacy,4.6,33,Pharmacy,Indian,0.9199999999999999,3.5263605246161616,0.3636057956422242,0.6974423182568896,Review Data Available,Medium,21,93,8,4.6,Medium,1.0
30,India,Lucknow,Mini Medical,,,,,9984232499,https://maps.app.goo.gl/Cncz5ccckRYJwSZy7,Pharmacy,5.0,4,Pharmacy,Indian,1.0,1.6094379124341003,0.16595040371008565,0.6663801614840342,Review Data Available,Medium,12,93,8,5.0,Medium,1.0
31,India,Lucknow,Ashi Medical Store,,,,,9415086495,https://maps.app.goo.gl/MDYUxT4snnxenws18,Pharmacy,4.8,21,Pharmacy,Indian,0.96,3.091042453358316,0.318719808360939,0.7034879233443756,Review Data Available,Medium,18,93,8,4.8,Medium,1.0
32,India,Lucknow,Gani medical store,,,,,6386395701,https://maps.app.goo.gl/rmYs6yEBiaoBL58q9,Pharmacy,5.0,23,Pharmacy,Indian,1.0,3.1780538303479458,0.3276916195922037,0.7310766478368815,Review Data Available,Medium,18,93,8,5.0,Medium,0.99
33,India,Lucknow,DR. PUSHPLATA PHARMACY,,,,,9151778888,https://maps.app.goo.gl/ZyPzrULx1MLcovEJ8,Pharmacy,3.9,83,Pharmacy,Indian,0.78,4.430816798843313,0.4568649904744831,0.6507459961897932,Review Data Available,Medium,22,93,8,3.9,Medium,0.83
34,India,Lucknow,Nirala Medical Store,,,,,9918858222,https://maps.app.goo.gl/usXKu7wZoNXa4RJU8,Pharmacy,3.8,116,Pharmacy,Indian,0.76,4.762173934797756,0.491031484291379,0.6524125937165516,Review Data Available,Medium,20,93,8,3.8,Medium,0.84
35,India,Lucknow,Popular Medicines,,,,,5224043245,https://maps.app.goo.gl/QkSgQsQW6eALbCGq5,Pharmacy,4.4,9,Pharmacy,Indian,0.8800000000000001,2.302585092994046,0.2374213523908354,0.6229685409563341,Review Data Available,Low,17,93,8,4.4,Medium,0.51
36,India,Lucknow,Medi99 | Online Pharmacy | Medical store | Lucknow,,,,,9161633499,https://maps.app.goo.gl/shnWCrSFoBxKWcqE9,Pharmacy,4.5,11,Pharmacy,Indian,0.9,2.4849066497880004,0.25622067091145395,0.6424882683645816,Review Data Available,Medium,50,93,8,4.5,Medium,0.99
37,India,Lucknow,Rishabh Medical Store,,,,,7270075920,https://maps.app.goo.gl/jQPpds4zfikgE1c5A,Pharmacy,4.9,79,Pharmacy,Indian,0.9800000000000001,4.382026634673881,0.45183419843308453,0.7687336793732339,Review Data Available,High,21,93,8,4.9,High,0.93
38,India,Lucknow,Abha Medical Store,,,,,5222638266,https://maps.app.goo.gl/PUjWLajarpvgnGqP9,Pharmacy,4.5,15,Pharmacy,Indian,0.9,2.772588722239781,0.2858837947229989,0.6543535178891996,Review Data Available,Medium,18,93,8,4.5,Medium,1.0
39,India,Lucknow,Mohan Medical Hall,,,,,9936171731,https://maps.app.goo.gl/1uLJP4erCsEjCbMd6,Pharmacy,4.8,91,Pharmacy,Indian,0.96,4.5217885770490405,0.46624516177704206,0.7624980647108168,Review Data Available,High,18,93,8,4.8,High,0.98
40,USA,New York,M & R Medical Supplies,,,,,17187140822,https://maps.app.goo.gl/g9RMzmWTWEuE1PSN9,Pharmacy,5.0,6,Pharmacy,Foreign,1.0,1.9459101490553132,0.20064431956302917,0.6802577278252117,Review Data Available,Medium,22,93,8,5.0,Medium,1.0
41,USA,New York,Rite Way Drugs,,,,,12127776864,https://maps.app.goo.gl/aTvTHNt9bA5fmBAe9,Pharmacy,5.0,50,Pharmacy,Foreign,1.0,3.9318256327243257,0.405413620511429,0.7621654482045715,Review Data Available,High,14,93,8,5.0,High,0.7
42,USA,New York,N & L Medical Supply Inc,,,,,17182329077,https://maps.app.goo.gl/HezBKeBy68i2pE6T6,Pharmacy,3.0,12,Pharmacy,Foreign,0.6,2.5649493574615367,0.26447393719147,0.465789574876588,Review Data Available,Low,24,93,8,3.0,Low,1.0
43,USA,New York,Medicine Plus Pharmacy,,,,,12127058717,https://maps.app.goo.gl/CsAEDguBHZGFiHQP6,Pharmacy,4.1,78,Pharmacy,Foreign,0.82,4.3694478524670215,0.4505371903476638,0.6722148761390655,Review Data Available,Medium,22,93,8,4.1,Medium,0.99
44,USA,New York,Slope Drugs & Surgical Supply,,,,,17187888899,https://maps.app.goo.gl/FsvtpMXYpY3Jrcmt9,Pharmacy,2.9,52,Pharmacy,Foreign,0.58,3.970291913552122,0.40937990885550307,0.5117519635422012,Review Data Available,Low,29,93,8,2.9,Low,1.0
45,USA,New York,Block Drug Store,,,,,12124731587,https://maps.app.goo.gl/45hhNy6bHoTqzG929,Pharmacy,4.7,26,Pharmacy,Foreign,0.9400000000000001,3.295836866004329,0.3398363206498635,0.6999345282599455,Review Data Available,Medium,16,93,8,4.7,Medium,0.76
46,USA,New York,The Somerset Garage,,,,,12126500911,https://maps.app.goo.gl/jVkBQSgrtuf3gqJRA,Garage,3.7,28,Garage,Foreign,0.74,3.367295829986474,0.3472045103948202,0.5828818041579281,Review Data Available,Low,19,19,4,3.7,Low,1.0
47,USA,New York,Model Garage Inc,,,,,17188719200,https://maps.app.goo.gl/RXjdq8D4BvSQjY1r6,Garage,4.7,3,Garage,Foreign,0.9400000000000001,1.3862943611198906,0.14294189736149945,0.6211767589445998,Review Data Available,Low,16,19,4,4.7,Low,0.93
48,USA,New York,The 1345 Garage,,,,,12122458708,https://maps.app.goo.gl/Ys6fuFMtijcevnAC7,Garage,2.3,37,Garage,Foreign,0.45999999999999996,3.6375861597263857,0.375074357993621,0.42602974319744835,Review Data Available,Low,15,19,4,2.3,Low,0.99
49,USA,New York,45 Garage,,,,,12122650774,https://maps.app.goo.gl/wa3uAPfebF1hxhZS8,Garage,2.6,93,Garage,Foreign,0.52,4.543294782270004,0.4684626834416667,0.4993850733766667,Review Data Available,Low,9,19,4,2.6,Low,0.77
50,USA,New York,Meyers Parking: MP Alyn Garage,,,,,16468239289,https://maps.app.goo.gl/K447TNTzTokUA7rc8,Garage,3.9,14,Garage,Foreign,0.78,2.70805020110221,0.27922917726004015,0.5796916709040161,Review Data Available,Low,30,19,4,3.9,Low,1.0
51,USA,New York,Icon Parking Garage,,,,,18777275464,https://maps.app.goo.gl/e5mc5NEyzjbqz31RA,Garage,3.0,97,Garage,Foreign,0.6,4.584967478670572,0.4727595878068081,0.5491038351227232,Review Data Available,Low,19,19,4,3.0,Low,0.77
52,USA,New York,AZ Parking,,,,,12125484370,https://maps.app.goo.gl/quEJ2tfDWBUKViut6,Garage,4.5,162,Garage,Foreign,0.9,5.093750200806762,0.52522057277983,0.7500882291119321,Review Data Available,High,10,19,4,4.5,High,0.78
53,USA,New York,AstorTerrace Garage,,,,,12127220066,https://maps.app.goo.gl/9uCm4jC7Q2qHkrmq9,Garage,4.7,10,Garage,Foreign,0.9400000000000001,2.3978952727983707,0.24724885968018925,0.6628995438720757,Review Data Available,Medium,19,19,4,4.7,Medium,0.72
54,USA,New York,Barrow Street Garage LLC,,,,,12122429791,https://maps.app.goo.gl/197YRXHqCadzhMuHA,Garage,3.2,38,Garage,Foreign,0.64,3.6635616461296463,0.37775271074142447,0.5351010842965698,Review Data Available,Low,24,19,4,3.2,Low,1.0
55,India,Lucknow,Ashirwad Medical Store,,,,,7347867373,https://maps.app.goo.gl/i62fbrymDr2ywgAs9,Pharmacy,3.3,24,Pharmacy,Indian,0.6599999999999999,3.2188758248682006,0.3319008074201713,0.5287603229680685,Review Data Available,Low,22,93,8,3.3,Low,1.0
56,India,Lucknow,Om Medical Store,,,,,7081285540,https://maps.app.goo.gl/KCtAogUL9paaXwb1A,Pharmacy,3.8,53,Pharmacy,Indian,0.76,3.9889840465642745,0.41130726933061323,0.6205229077322453,Review Data Available,Low,16,93,8,3.8,Low,0.99
57,India,Lucknow,Medicine Mart,,,,,9936778598,https://maps.app.goo.gl/S5SvDJVRwUD4jY1JA,Pharmacy,4.6,29,Pharmacy,Indian,0.9199999999999999,3.4011973816621555,0.3507001259407899,0.6922800503763159,Review Data Available,Medium,13,93,8,4.6,Medium,1.0
58,India,Lucknow,Shukla Medical Store,,,,,9839628426,https://maps.app.goo.gl/9QQz9yYaqorifrxK6,Pharmacy,4.1,7,Pharmacy,Indian,0.82,2.0794415416798357,0.21441284604224917,0.5777651384168996,Review Data Available,Low,20,93,8,4.1,Low,0.99
59,India,Lucknow,New Life Pharmacy,,,,,8934029404,https://maps.app.goo.gl/YE4roBCuiiF8dqG68,Pharmacy,4.0,6,Pharmacy,Indian,0.8,1.9459101490553132,0.20064431956302917,0.5602577278252117,Review Data Available,Low,17,93,8,4.0,Low,1.0
60,India,Lucknow,Jyotirmay Dental Health Care Centre,,,,,8299296398,https://maps.app.goo.gl/Gfifr5u1wPCaJgJd6,Pharmacy,4.2,32,Pharmacy,Indian,0.8400000000000001,3.4965075614664802,0.36052763323014375,0.6482110532920575,Review Data Available,Medium,35,93,8,4.2,Medium,0.98
61,India,Lucknow,Dr. Arpit Gupta,,,,,6392701509,https://maps.app.goo.gl/9i9PJaGa1Pcj6XmM7,Pharmacy,4.9,181,Pharmacy,Indian,0.9800000000000001,5.204006687076795,0.5365892054352489,0.8026356821740996,Review Data Available,High,15,93,8,4.9,High,0.93
62,India,Lucknow,Jio Medical,,,,,9984417630,https://maps.app.goo.gl/56uSn3DNXL8Vatxx7,Pharmacy,5.0,2,Pharmacy,Indian,1.0,1.0986122886681098,0.11327877354995451,0.6453115094199818,Review Data Available,Medium,11,93,8,5.0,Medium,1.0
63,India,Lucknow,BOUNCE BACK PHYSIOTHERAPY,,,,,9554997653,https://maps.app.goo.gl/qERXRsREvXWFaEvw9,Pharmacy,4.9,63,Pharmacy,Indian,0.9800000000000001,4.1588830833596715,0.42882569208449833,0.7595302768337995,Review Data Available,High,25,93,8,4.9,High,0.85
64,India,Lucknow,Vatsalya Clinic Dr. S.K Rai,,,,,9198595255,https://maps.app.goo.gl/qC8LoaP2qSVdkPuBA,Pharmacy,4.2,179,Pharmacy,Indian,0.8400000000000001,5.19295685089021,0.5354498481714941,0.7181799392685977,Review Data Available,Medium,27,93,8,4.2,Medium,0.94
65,India,Lucknow,CENTRAL AGENCIES,,,,,9838179666,https://maps.app.goo.gl/59cM2ovhQFrRqeYu7,Pharmacy,5.0,6,Pharmacy,Indian,1.0,1.9459101490553132,0.20064431956302917,0.6802577278252117,Review Data Available,Medium,16,93,8,5.0,Medium,1.0
66,India,Lucknow,BLUENECK HOSPITEC LLP,,,,,9307055555,https://maps.app.goo.gl/VwAu5bggYmEte2p17,Pharmacy,3.7,6,Pharmacy,Indian,0.74,1.9459101490553132,0.20064431956302917,0.5242577278252116,Review Data Available,Low,21,93,8,3.7,Low,1.0
67,India,Lucknow,Maa Vaishno Medical Store,,,,,5224236566,https://maps.app.goo.gl/hMZSxEShQfdTNh7V7,Pharmacy,4.6,11,Pharmacy,Indian,0.9199999999999999,2.4849066497880004,0.25622067091145395,0.6544882683645815,Review Data Available,Medium,25,93,8,4.6,Medium,0.99
68,India,Lucknow,A.S.Medical Store,,,,,8707605386,https://maps.app.goo.gl/Mbyhtkk8skYYiN1q8,Pharmacy,3.6,5,Pharmacy,Indian,0.72,1.791759469228055,0.18474972223070424,0.5058998888922817,Review Data Available,Low,17,93,8,3.6,Low,0.99
69,India,Lucknow,Tejas Pharmacy & Surgical Store,,,,,9519727481,https://maps.app.goo.gl/2SgwR23P63Bd9Trz8,Pharmacy,5.0,137,Pharmacy,Indian,1.0,4.927253685157205,0.5080529866462469,0.8032211946584987,Review Data Available,High,31,93,8,5.0,High,0.99
70,USA,New York,Select Garages - 9 Park Ave. Garage,,,,,19174091992,https://maps.app.goo.gl/dGP4GdMrgUUd24TP7,Garage,1.2,25,Garage,Foreign,0.24,3.258096538021482,0.3359448858722197,0.2783779543488879,Review Data Available,Low,35,19,4,1.2,Low,1.0
71,USA,New York,79-80 Garage Corporation,,,,,19177451148,https://maps.app.goo.gl/BsqUNhm3QBcC9PLn7,Garage,3.3,19,Garage,Foreign,0.6599999999999999,2.995732273553991,0.3088923010715851,0.519556920428634,Review Data Available,Low,24,19,4,3.3,Low,1.0
72,USA,New York,MTP Park,,,,,12123682579,https://maps.app.goo.gl/2LTdFkXrpxMxFPERA,Garage,2.8,5,Garage,Foreign,0.5599999999999999,1.791759469228055,0.18474972223070424,0.4098998888922817,Review Data Available,Low,8,19,4,2.8,Low,1.0
73,USA,New York,NYC Parking at CBS Building@ 31 W 52nd St,,,,,18008366666,https://maps.app.goo.gl/zYkMJDsUC4iqpAjv7,Garage,3.6,40,Garage,Foreign,0.72,3.713572066704308,0.3829093243765069,0.5851637297506027,Review Data Available,Low,41,19,4,3.6,Low,0.96
74,USA,New York,Manhattan Garage Door Repair Inc,,,,,13323319247,https://maps.app.goo.gl/sLfAn588HbQWJpV57,Garage,5.0,13,Garage,Foreign,1.0,2.6390573296152584,0.27211526824377885,0.7088461072975115,Review Data Available,Medium,32,19,4,5.0,Medium,1.0
75,India,Lucknow,Fine Medical Store,,,,,9919524137,https://maps.app.goo.gl/RKNF15HCVty8jory8,Pharmacy,3.8,28,Pharmacy,Indian,0.76,3.367295829986474,0.3472045103948202,0.594881804157928,Review Data Available,Low,18,93,8,3.8,Low,1.0
76,India,Lucknow,Gomti Medical Store,,,,,9415104223,https://maps.app.goo.gl/A8yfhyUFYDRn88Sm6,Pharmacy,4.4,12,Pharmacy,Indian,0.8800000000000001,2.5649493574615367,0.26447393719147,0.633789574876588,Review Data Available,Medium,19,93,8,4.4,Medium,0.8
77,India,Lucknow,BALAJI MEDICALS,,,,,8081758681,https://maps.app.goo.gl/DdihNnVqnqBeahwW6,Pharmacy,4.3,14,Pharmacy,Indian,0.86,2.70805020110221,0.27922917726004015,0.6276916709040161,Review Data Available,Low,15,93,8,4.3,Low,0.65
78,India,Lucknow,Vinayak Medicare Hospital,,,,,9721050077,https://maps.app.goo.gl/JHnpWDgSJXyPiaxB7,Pharmacy,4.3,285,Pharmacy,Indian,0.86,5.655991810819852,0.5831937455524089,0.7492774982209636,Review Data Available,High,25,93,8,4.3,High,0.84
79,India,Lucknow,Agarwal General Store,,,,,9451197467,https://maps.app.goo.gl/MQ7P8YbDAftJptha9,General Store,3.8,311,General Store,Indian,0.76,5.7430031878094825,0.5921655567836737,0.6928662227134694,Review Data Available,Medium,21,42,5,3.8,Medium,0.99
80,India,Lucknow,Prabhu Dayal Provision Store,,,,,9044666666,https://maps.app.goo.gl/VZLeYSocaZvi34rA7,General Store,4.1,500,General Store,Indian,0.82,6.2166061010848646,0.640999124111199,0.7483996496444796,Review Data Available,High,28,42,5,4.1,Medium,0.65
81,India,Lucknow,Ganpati General Store,,,,,6394064977,https://maps.app.goo.gl/LaETxPhBRTNMm8gG7,General Store,4.2,109,General Store,Indian,0.8400000000000001,4.700480365792417,0.4846702120710246,0.6978680848284099,Review Data Available,Medium,21,42,5,4.2,Medium,0.98
82,India,Lucknow,Vijay General Store,,,,,8318681494,https://maps.app.goo.gl/h3Pq3yVjwdgtUjFJ6,General Store,4.6,10,General Store,Indian,0.9199999999999999,2.3978952727983707,0.24724885968018925,0.6508995438720756,Review Data Available,Medium,19,42,5,4.6,Medium,0.98
83,India,Lucknow,ARYA MART,,,,,9807255215,https://maps.app.goo.gl/wbA9gryizMWnQtjb6,General Store,4.1,490,General Store,Indian,0.82,6.19644412779452,0.6389202072537824,0.7475680829015129,Review Data Available,Medium,9,42,5,4.1,Medium,0.75
84,India,Lucknow,Ajay Super Store,,,,,9415919651,https://maps.app.goo.gl/56uLnH9PcqFhu3Ww9,General Store,4.2,383,General Store,Indian,0.8400000000000001,5.950642552587727,0.6135754143152026,0.749430165726081,Review Data Available,High,16,42,5,4.2,High,0.88
85,India,Lucknow,SAHU GENERAL STORE,,,,,9918391660,https://maps.app.goo.gl/wptQJDBKo7tC7L4R8,General Store,4.2,93,General Store,Indian,0.8400000000000001,4.543294782270004,0.4684626834416667,0.6913850733766667,Review Data Available,Medium,18,42,5,4.2,Medium,0.95
86,India,Lucknow,S.L Departmental Store,,,,,5222304184,https://maps.app.goo.gl/2LDU72bgKZLvmGTj8,General Store,3.9,401,General Store,Indian,0.78,5.996452088619021,0.6182988714547624,0.7153195485819049,Review Data Available,Medium,22,42,5,3.9,Medium,0.91
87,India,Lucknow,Zain General Store,,,,,9889339393,https://maps.app.goo.gl/YneA4FF1jhaUt55B8,General Store,4.8,5,General Store,Indian,0.96,1.791759469228055,0.18474972223070424,0.6498998888922817,Review Data Available,Medium,18,42,5,4.8,Medium,1.0
88,India,Lucknow,Sanjay Store,,,,,9919379466,https://maps.app.goo.gl/vQJ7eVKJ24R2eKJV6,General Store,3.8,212,General Store,Indian,0.76,5.3612921657094255,0.5528070343276621,0.6771228137310648,Review Data Available,Medium,12,42,5,3.8,Medium,0.98
89,India,Lucknow,Shyam General Store,,,,,9839703487,https://maps.app.goo.gl/G5kAV5PPHoegSQdB7,General Store,4.6,15,General Store,Indian,0.9199999999999999,2.772588722239781,0.2858837947229989,0.6663535178891995,Review Data Available,Medium,19,42,5,4.6,Medium,1.0
90,USA,New York,4-Garage,,,,,19184427243,https://maps.app.goo.gl/WzwzEXQY2ZoRH7pY8,Garage,5.0,10,Garage,Foreign,1.0,2.3978952727983707,0.24724885968018925,0.6988995438720756,Review Data Available,Medium,8,19,4,5.0,Medium,1.0
91,USA,New York,SFG Garage,,,,,12122498960,https://maps.app.goo.gl/xzTF4X6YrxPkoC5t8,Garage,1.9,8,Garage,Foreign,0.38,2.1972245773362196,0.22655754709990902,0.3186230188399636,Review Data Available,Low,10,19,4,1.9,Low,1.0
92,USA,New York,86. Parking Garage Corp.,,,,,17186398129,https://maps.app.goo.gl/QYAcqpRcYNUMChMr6,Garage,3.8,28,Garage,Foreign,0.76,3.367295829986474,0.3472045103948202,0.594881804157928,Review Data Available,Low,24,19,4,3.8,Low,1.0
93,USA,New York,RL Mercer Street LLC,,,,,12122193413,https://maps.app.goo.gl/2JzxWoUAnkF171yz6,Garage,3.1,17,Garage,Foreign,0.62,2.8903717578961645,0.2980284957806587,0.49121139831226346,Review Data Available,Low,20,19,4,3.1,Low,1.0
94,USA,New York,Parking,,,,,12123217500,https://maps.app.goo.gl/PvBcjviEDLuxCP3KA,Garage,3.6,26,Garage,Foreign,0.72,3.295836866004329,0.3398363206498635,0.5679345282599454,Review Data Available,Low,7,19,4,3.6,Low,0.99
95,India,Lucknow,Gurpreet Bakers,,,,,8808790704,https://maps.app.goo.gl/q6jTvwsWxW7TTFJeA,Cake Shop,4.6,7,Cake Shop,Indian,0.9199999999999999,2.0794415416798357,0.21441284604224917,0.6377651384168996,Review Data Available,Medium,15,41,2,4.6,Medium,0.81
96,India,Lucknow,Essence & General Supplies,,,,,9415479060,https://maps.app.goo.gl/F8tK9hkQEG2WWPM39,Cake Shop,4.0,62,Cake Shop,Indian,0.8,4.143134726391533,0.4272018666629382,0.6508807466651753,Review Data Available,Medium,26,41,2,4.0,Medium,1.0
97,India,Lucknow,S M Bakery,,,,,9389131446,https://maps.app.goo.gl/p5siA6LFyDgwpjqv6,Cake Shop,2.8,11,Cake Shop,Indian,0.5599999999999999,2.4849066497880004,0.25622067091145395,0.43848826836458155,Review Data Available,Low,10,41,2,2.8,Low,1.0
98,India,Lucknow,IamGroot.in,,,,,8299803513,https://maps.app.goo.gl/xVgiX6PVeQwJFFMn9,Cake Shop,2.5,44,Cake Shop,Indian,0.5,3.8066624897703196,0.3925079508099946,0.45700318032399784,Review Data Available,Low,11,41,2,2.5,Low,0.99
99,India,Lucknow,New Jon Bakers,,,,,9648847747,https://maps.app.goo.gl/iUG2bzgzJi79AJVJ6,Cake Shop,4.3,15,Cake Shop,Indian,0.86,2.772588722239781,0.2858837947229989,0.6303535178891996,Review Data Available,Medium,14,41,2,4.3,Medium,0.96
100,India,Lucknow,Bread Smith Bakery (Pure Veg),,,,,5224002552,https://maps.app.goo.gl/rVmMcUmL29mr7ncC8,Cake Shop,4.3,419,Cake Shop,Indian,0.86,6.040254711277414,0.6228153941845688,0.7651261576738275,Review Data Available,High,29,41,2,4.3,High,0.97
101,India,Lucknow,Modern Bakery,,,,,9336383722,https://maps.app.goo.gl/K2VQw26SGWpvXiEm9,Cake Shop,4.2,550,Cake Shop,Indian,0.8400000000000001,6.311734809152915,0.6508079197076915,0.7643231678830766,Review Data Available,High,13,41,2,4.2,High,0.98
102,India,Lucknow,Aone Bakery,,,,,9235404869,https://maps.app.goo.gl/2jvbcXwEsGKPAHL58,Cake Shop,4.9,146,Cake Shop,Indian,0.9800000000000001,4.990432586778736,0.5145674126760128,0.7938269650704052,Review Data Available,High,11,41,2,4.9,High,0.99
103,India,Lucknow,Butter Story,,,,,8874474455,https://maps.app.goo.gl/CXPq8x649kh8iwZj8,Cake Shop,4.0,1920,Cake Shop,Indian,0.8,7.560601162768557,0.7795795075777793,0.7918318030311118,Review Data Available,High,12,41,2,4.0,High,0.98
104,India,Lucknow,Cake Crumbs The home made cakes,,,,,9170026504,https://maps.app.goo.gl/XJ6owUw26tjsmy1t9,Cake Shop,5.0,37,Cake Shop,Indian,1.0,3.6375861597263857,0.375074357993621,0.7500297431974484,Review Data Available,High,31,41,2,5.0,Medium,0.65
105,India,Lucknow,R S bakery,,,,,7607491101,https://maps.app.goo.gl/A8WPn23LLevEehMG8,Cake Shop,4.9,97,Cake Shop,Indian,0.9800000000000001,4.584967478670572,0.4727595878068081,0.7771038351227233,Review Data Available,High,10,41,2,4.9,High,0.96
106,India,Lucknow,Winni Cakes & More,,,,,8174943200,https://maps.app.goo.gl/fPsN8ACEcUQc4Bpb7,Cake Shop,4.5,104,Cake Shop,Indian,0.9,4.653960350157523,0.4798734968230693,0.7319493987292278,Review Data Available,Medium,18,41,2,4.5,Medium,0.78
107,India,Lucknow,Yummy Baker's & Confectioners,,,,,8318846600,https://maps.app.goo.gl/Dbtzbys5wWtjggn97,Cake Shop,4.7,85,Cake Shop,Indian,0.9400000000000001,4.454347296253507,0.4592912384922243,0.7477164953968898,Review Data Available,Medium,29,41,2,4.7,Medium,0.91
108,India,Lucknow,Celebration bakery & cafe,,,,,7007786520,https://maps.app.goo.gl/H2q4Lp4jFQjuu8Nf6,Cake Shop,4.9,34,Cake Shop,Indian,0.9800000000000001,3.5553480614894135,0.3665947232731148,0.734637889309246,Review Data Available,Medium,25,41,2,4.9,Medium,1.0
109,USA,New York,Eddies Tailor Shop,,,,,12127220762,https://maps.app.goo.gl/1ESn5BX3ArcJ1BSSA,Tailor,4.0,5,Tailor,Foreign,0.8,1.791759469228055,0.18474972223070424,0.5538998888922817,Review Data Available,Low,18,20,10,4.0,Low,1.0
110,USA,New York,Leonalterations,,,,,13476831124,https://maps.app.goo.gl/nB7mK7qpmDxMKnwL6,Tailor,4.5,23,Tailor,Foreign,0.9,3.1780538303479458,0.3276916195922037,0.6710766478368815,Review Data Available,Medium,15,20,10,4.5,Medium,1.0
111,USA,New York,Michael Tailor Shop,,,,,12123962210,https://maps.app.goo.gl/7h6bMfWzw2pGAjCCA,Tailor,3.9,7,Tailor,Foreign,0.78,2.0794415416798357,0.21441284604224917,0.5537651384168997,Review Data Available,Low,19,20,10,3.9,Low,1.0
112,USA,New York,Pak's Tailor,,,,,12122886035,https://maps.app.goo.gl/wNCCaFrba6RjNLHf9,Tailor,4.1,15,Tailor,Foreign,0.82,2.772588722239781,0.2858837947229989,0.6063535178891994,Review Data Available,Low,12,20,10,4.1,Low,0.87
113,USA,New York,Ely Custom Tailors,,,,,16465245166,https://maps.app.goo.gl/EACbVy89XByJGQdRA,Tailor,4.1,30,Tailor,Foreign,0.82,3.4339872044851463,0.35408111025402,0.6336324441016079,Review Data Available,Medium,18,20,10,4.1,Medium,0.85
114,India,Lucknow,Goel General Store,,,,,5222611484,https://maps.app.goo.gl/grrXXfaY1uyCbcsy5,General Store,3.9,37,General Store,Indian,0.78,3.6375861597263857,0.375074357993621,0.6180297431974484,Review Data Available,Low,18,42,5,3.9,Low,0.96
115,India,Lucknow,Shiv Shankar General Store,,,,,9918330786,https://maps.app.goo.gl/ieFFtgXyY1A7RbTN9,General Store,4.2,31,General Store,Indian,0.8400000000000001,3.4657359027997265,0.3573547434037486,0.6469418973614994,Review Data Available,Medium,26,42,5,4.2,Medium,0.98
116,India,Lucknow,New Lucknow store,,,,,8881999204,https://maps.app.goo.gl/TAVMet4JKXqkLSEy5,General Store,4.4,28,General Store,Indian,0.8800000000000001,3.367295829986474,0.3472045103948202,0.6668818041579281,Review Data Available,Medium,17,42,5,4.4,Medium,0.98
117,India,Lucknow,NANDI STORE,,,,,8960367600,https://maps.app.goo.gl/vkoLFjAGaCXzL6zy7,General Store,3.9,170,General Store,Indian,0.78,5.14166355650266,0.5301609564127804,0.6800643825651121,Review Data Available,Medium,11,42,5,3.9,Medium,0.96
118,India,Lucknow,Shariq General Store,,,,,9005680925,https://maps.app.goo.gl/SwrA5ZcB5FidQSLc8,General Store,4.1,58,General Store,Indian,0.82,4.07753744390572,0.42043807948810924,0.6601752317952436,Review Data Available,Medium,20,42,5,4.1,Medium,0.99
119,India,Lucknow,Sahul General Store,,,,,7524823140,https://maps.app.goo.gl/Tytywporv6e9L9qJ8,General Store,5.0,1,General Store,Indian,1.0,0.6931471805599453,0.07147094868074973,0.6285883794722998,Review Data Available,Medium,19,42,5,5.0,Medium,1.0
120,India,Lucknow,Sagar General Store,,,,,8808042916,https://maps.app.goo.gl/51RHJ8f66GdxhXgs9,General Store,4.4,34,General Store,Indian,0.8800000000000001,3.5553480614894135,0.3665947232731148,0.674637889309246,Review Data Available,Medium,19,42,5,4.4,Medium,1.0
121,India,Lucknow,Maa Santoshi D Store,,,,,9369233881,https://maps.app.goo.gl/TvqHZpg1UKcyHJyA8,General Store,4.8,140,General Store,Indian,0.96,4.948759890378168,0.5102705083108715,0.7801082033243486,Review Data Available,High,20,42,5,4.8,High,1.0
122,India,Lucknow,Daily Shopee,,,,,7408423070,https://maps.app.goo.gl/KDa9JrLdtwsTVVvUA,General Store,4.3,636,General Store,Indian,0.86,6.456769655572163,0.6657625763175283,0.7823050305270114,Review Data Available,High,12,42,5,4.3,High,0.96
123,India,Lucknow,Naman general store,,,,,8467889406,https://maps.app.goo.gl/foFGV417Wxnueri59,General Store,5.0,5,General Store,Indian,1.0,1.791759469228055,0.18474972223070424,0.6738998888922817,Review Data Available,Medium,19,42,5,5.0,Medium,1.0
124,India,Lucknow,S.General Store,,,,,9935565591,https://maps.app.goo.gl/GsQSibh1jXJxbPCw6,General Store,4.1,12,General Store,Indian,0.82,2.5649493574615367,0.26447393719147,0.5977895748765879,Review Data Available,Low,15,42,5,4.1,Low,0.96
125,India,Lucknow,Kapoor general store,,,,,9580521078,https://maps.app.goo.gl/U59zpX9GZZAB3h3j8,General Store,5.0,6,General Store,Indian,1.0,1.9459101490553132,0.20064431956302917,0.6802577278252117,Review Data Available,Medium,20,42,5,5.0,Medium,1.0
126,India,Lucknow,General Store,,,,,7905648432,https://maps.app.goo.gl/R1Hie8yW7bZTTdHK8,General Store,5.0,2,General Store,Indian,1.0,1.0986122886681098,0.11327877354995451,0.6453115094199818,Review Data Available,Medium,13,42,5,5.0,Medium,1.0
127,India,Lucknow,Devanshi General Store,,,,,8574230207,https://maps.app.goo.gl/pKHeNasBhVmKR33PA,General Store,5.0,4,General Store,Indian,1.0,1.6094379124341003,0.16595040371008565,0.6663801614840342,Review Data Available,Medium,22,42,5,5.0,Medium,1.0
128,India,Lucknow,Jai Shri General Store,,,,,6392201178,https://maps.app.goo.gl/tUn82nLchDJ9PnCh9,General Store,5.0,2,General Store,Indian,1.0,1.0986122886681098,0.11327877354995451,0.6453115094199818,Review Data Available,Medium,22,42,5,5.0,Medium,1.0
129,USA,New York,UNI 28,,,,,13476009073,https://maps.app.goo.gl/qn6M7nXQ3LdAEt497,Home Goods Store,4.6,19,Home Goods Store,Foreign,0.9199999999999999,2.995732273553991,0.3088923010715851,0.675556920428634,Review Data Available,Medium,6,2,7,4.6,Medium,0.99
130,USA,New York,Yùnhóng Chopsticks,,,,,12122330288,https://maps.app.goo.gl/fjioowMvrDhzPpEu7,Home Goods Store,4.6,121,Home Goods Store,Foreign,0.9199999999999999,4.804021044733257,0.4953463725727131,0.7501385490290852,Review Data Available,High,18,2,7,4.6,High,0.75
131,USA,New York,Zee Smoke & Convenience inc,,,,,16468959312,https://maps.app.goo.gl/C9cdn77fWRqoD29r7,General Store,4.0,42,General Store,Foreign,0.8,3.7612001156935624,0.38782028981147465,0.6351281159245898,Review Data Available,Medium,27,42,5,4.0,Medium,0.91
132,USA,New York,Shopping Girlfriend NYC,,,,,19178252564,https://maps.app.goo.gl/3Z7y8Fhcr4AjuDnd8,Beauty Salon ,5.0,5,Beauty Salon,Foreign,1.0,1.791759469228055,0.18474972223070424,0.6738998888922817,Review Data Available,Medium,23,20,0,5.0,Medium,1.0
133,USA,New York,Yamadaya,,,,,16466092199,https://maps.app.goo.gl/c87esYVzxAdXofpD9,Grocery Store,4.8,250,Grocery Store,Foreign,0.96,5.5254529391317835,0.5697337802507769,0.8038935121003108,Review Data Available,High,8,16,6,4.8,High,0.96
134,India,Lucknow,VR UNISEX SALON,,,,,9721000839,https://maps.app.goo.gl/7bG729yFDy8Dquzv5,Beauty Salon ,4.9,504,Beauty Salon,Indian,0.9800000000000001,6.22455842927536,0.6418190948994178,0.8447276379597672,Review Data Available,High,15,20,0,4.9,High,0.98
135,India,Lucknow,The London,,,,,8885762957,https://maps.app.goo.gl/LnWJe9qFZrGnZbAm7,Beauty Salon ,4.8,66,Beauty Salon,Indian,0.96,4.204692619390966,0.4335491492240581,0.7494196596896232,Review Data Available,High,10,20,0,4.8,High,0.96
136,India,Lucknow,Xatisfy Men Salon,,,,,9120169074,https://maps.app.goo.gl/oJ2mcdd7aV6b9UBPA,Beauty Salon ,4.9,313,Beauty Salon,Indian,0.9800000000000001,5.749392985908253,0.5928244138703153,0.8251297655481262,Review Data Available,High,17,20,0,4.9,High,0.98
137,India,Lucknow,The Invite Unisex Salon,,,,,7860314702,https://maps.app.goo.gl/6mGD57hiS71bpX9u9,Beauty Salon ,4.9,192,Beauty Salon,Indian,0.9800000000000001,5.262690188904886,0.5426401072713841,0.8050560429085537,Review Data Available,High,23,20,0,4.9,High,0.93
138,India,Lucknow,Super Style Salon,,,,,8707208110,https://maps.app.goo.gl/5HboY2v6uKWC16y29,Beauty Salon ,4.9,121,Beauty Salon,Indian,0.9800000000000001,4.804021044733257,0.4953463725727131,0.7861385490290853,Review Data Available,High,17,20,0,4.9,High,0.98
139,India,Lucknow,Infinity Salon Lucknow,,,,,9140942123,https://maps.app.goo.gl/gBe6YrL7SGCF318m8,Beauty Salon ,4.5,552,Beauty Salon,Indian,0.9,6.315358001522335,0.651181509910693,0.8004726039642773,Review Data Available,High,22,20,0,4.5,High,1.0
140,India,Lucknow,The client chair beauty salon,,,,,9696294296,https://maps.app.goo.gl/XgTYdaGrEx6fqsAu7,Beauty Salon ,4.9,66,Beauty Salon,Indian,0.9800000000000001,4.204692619390966,0.4335491492240581,0.7614196596896233,Review Data Available,High,29,20,0,4.9,High,0.99
141,India,Lucknow,Get Beauty Salon,,,,,6394333919,https://maps.app.goo.gl/97BiekZKyXQzMJJi7,Beauty Salon ,4.7,81,Beauty Salon,Indian,0.9400000000000001,4.406719247264253,0.45438027305725665,0.7457521092229027,Review Data Available,Medium,16,20,0,4.7,Medium,0.99
142,India,Lucknow,Your salon office,,,,,9140510184,https://maps.app.goo.gl/mKBQkSiMZdwSUpW86,Beauty Salon ,5.0,29,Beauty Salon,Indian,1.0,3.4011973816621555,0.3507001259407899,0.740280050376316,Review Data Available,Medium,17,20,0,5.0,Medium,0.96
143,India,Lucknow,Glow N Glam,,,,,9919736852,https://maps.app.goo.gl/hbAMYBHfA6r6Fkr46,Beauty Salon ,4.6,221,Beauty Salon,Indian,0.9199999999999999,5.402677381872279,0.5570742963803298,0.7748297185521319,Review Data Available,High,11,20,0,4.6,High,0.96
144,India,Lucknow,Smriti Makeovers & Salon,,,,,9005379640,https://maps.app.goo.gl/Niebe8kvJMLAUbya6,Beauty Salon ,5.0,81,Beauty Salon,Indian,1.0,4.406719247264253,0.45438027305725665,0.7817521092229026,Review Data Available,High,24,20,0,5.0,High,0.93
145,India,Lucknow,Salon De Beaute,,,,,7499413643,https://maps.app.goo.gl/W18Kd3H9ZbDch8DJ9,Beauty Salon ,4.9,101,Beauty Salon,Indian,0.9800000000000001,4.624972813284271,0.47688456919217864,0.7787538276768715,Review Data Available,High,15,20,0,4.9,High,0.96
146,India,Lucknow,Noor Men's salon,,,,,9807193717,https://maps.app.goo.gl/9ihRAdderwHhXkdUA,Beauty Salon ,4.8,216,Beauty Salon,Indian,0.96,5.37989735354046,0.5547254298170492,0.7978901719268197,Review Data Available,High,16,20,0,4.8,High,0.98
147,India,Lucknow,Mini Bridal Studio,,,,,6392777848,https://maps.app.goo.gl/yAJGLpJPNnbgrrih9,Beauty Salon ,4.4,16,Beauty Salon,Indian,0.8800000000000001,2.833213344056216,0.29213484696147446,0.6448539387845899,Review Data Available,Medium,18,20,0,4.4,Medium,0.93
148,India,Lucknow,B4 party salon,,,,,9839660706,https://maps.app.goo.gl/ds9YAhWiKtyVKb689,Beauty Salon ,4.9,99,Beauty Salon,Indian,0.9800000000000001,4.605170185988092,0.4748427047816708,0.7779370819126684,Review Data Available,High,14,20,0,4.9,High,0.97
149,USA,New York,S & N Discount Inc,,,,,12127222680,https://maps.app.goo.gl/EZMfZrvHzmT3FK1m6,General Store,4.3,114,General Store,Foreign,0.86,4.74493212836325,0.48925366812562826,0.7117014672502513,Review Data Available,Medium,18,42,5,4.3,Medium,0.82
150,USA,New York,NYC Wine Merchants,,,,,12124144300,https://maps.app.goo.gl/CqEbtZhV8y1mQKqy7,Wine Store,3.7,38,Wine Store,Foreign,0.74,3.6635616461296463,0.37775271074142447,0.5951010842965698,Review Data Available,Low,18,18,11,3.7,Low,1.0
151,USA,New York,The Manhattan Wine Shop,,,,,12122219463,https://maps.app.goo.gl/gvheLsQEEs1UjpW18,Wine Store,4.1,160,Wine Store,Foreign,0.82,5.081404364984463,0.5239475839785718,0.7015790335914287,Review Data Available,Medium,23,18,11,4.1,Medium,0.93
152,USA,New York,The Wine Shop,,,,,12126855151,https://maps.app.goo.gl/7pUYT7tWqhG7QUs86,Wine Store,4.1,45,Wine Store,Foreign,0.82,3.828641396489095,0.39477421309629235,0.6499096852385169,Review Data Available,Medium,13,18,11,4.1,Medium,0.92
153,USA,New York,Chelsea Wine Cellar Inc,,,,,12126751813,https://maps.app.goo.gl/pufYMAVjBvWetAGu8,Wine Store,4.5,65,Wine Store,Foreign,0.9,4.189654742026425,0.4319985819108934,0.7127994327643574,Review Data Available,Medium,23,18,11,4.5,Medium,0.96
154,India,Lucknow,Krishna general store,,,,,6393973428,https://maps.app.goo.gl/FvcNQMJSpgww2Hv7A,General Store,5.0,4,General Store,Indian,1.0,1.6094379124341003,0.16595040371008565,0.6663801614840342,Review Data Available,Medium,21,42,5,5.0,Medium,1.0
155,India,Lucknow,Goel General Store,,,,,9450110621,https://maps.app.goo.gl/xBF6RpzPfLdQwkNF8,General Store,5.0,1,General Store,Indian,1.0,0.6931471805599453,0.07147094868074973,0.6285883794722998,Review Data Available,Medium,18,42,5,5.0,Medium,1.0
156,India,Lucknow,Chaurasia General Store,,,,,8564888944,https://maps.app.goo.gl/pqDpSkanN4e7VC788,General Store,4.0,18,General Store,Indian,0.8,2.9444389791664403,0.3036034093128713,0.6014413637251486,Review Data Available,Low,23,42,5,4.0,Low,0.96
157,India,Lucknow,Shivansh General Store,,,,,8565902920,https://maps.app.goo.gl/S8HFw67fa7vecWFX8,General Store,3.8,51,General Store,Indian,0.76,3.9512437185814275,0.4074158345529694,0.6189663338211877,Review Data Available,Low,22,42,5,3.8,Low,1.0
158,India,Lucknow,Shree Ji General Store,,,,,9659533423,https://maps.app.goo.gl/WH6FUWkJgH31Wt3v5,General Store,5.0,1,General Store,Indian,1.0,0.6931471805599453,0.07147094868074973,0.6285883794722998,Review Data Available,Medium,22,42,5,5.0,Medium,1.0
159,India,Lucknow,SIDDHARTH GENERAL STORE,,,,,8565065134,https://maps.app.goo.gl/HFJ5HuYiQwcynV218,General Store,4.9,24,General Store,Indian,0.9800000000000001,3.2188758248682006,0.3319008074201713,0.7207603229680686,Review Data Available,Medium,23,42,5,4.9,Medium,1.0
160,India,Lucknow,General Store,,,,,9415577246,https://maps.app.goo.gl/8MSaPeXj9U9Nv9z2A,General Store,4.3,15,General Store,Indian,0.86,2.772588722239781,0.2858837947229989,0.6303535178891996,Review Data Available,Medium,13,42,5,4.3,Medium,0.96
161,India,Lucknow,R.S General Store,,,,,9305265921,https://maps.app.goo.gl/KBGUaph3xW5YxFxL9,General Store,5.0,4,General Store,Indian,1.0,1.6094379124341003,0.16595040371008565,0.6663801614840342,Review Data Available,Medium,17,42,5,5.0,Medium,1.0
162,India,Lucknow,Anand General Store (lala ji ki dukan ),,,,,9453836171,https://maps.app.goo.gl/wrzSq3AgwqTW5VXc8,General Store,4.8,5,General Store,Indian,0.96,1.791759469228055,0.18474972223070424,0.6498998888922817,Review Data Available,Medium,39,42,5,4.8,Medium,1.0
163,India,Lucknow,Kapoor General Store,,,,,9795518366,https://maps.app.goo.gl/efghyper893HRvwb7,General Store,5.0,2,General Store,Indian,1.0,1.0986122886681098,0.11327877354995451,0.6453115094199818,Review Data Available,Medium,20,42,5,5.0,Medium,1.0
164,India,Lucknow,Ma Vaishno General Store,,,,,9198038319,https://maps.app.goo.gl/Y4WVcF48CYPsvNMP8,General Store,4.4,31,General Store,Indian,0.8800000000000001,3.4657359027997265,0.3573547434037486,0.6709418973614995,Review Data Available,Medium,24,42,5,4.4,Medium,1.0
165,India,Lucknow,R.K Kashyap General Store,,,,,9555133345,https://maps.app.goo.gl/QR4cqRFLmMY3ok516,General Store,4.4,7,General Store,Indian,0.8800000000000001,2.0794415416798357,0.21441284604224917,0.6137651384168997,Review Data Available,Low,25,42,5,4.4,Low,0.65
166,India,Lucknow,Milan A Speciality Restaurant,,,,,9936888000,https://maps.app.goo.gl/RqgTZN6mZo8AcgBh8,General Store,4.8,16173,General Store,Indian,0.96,9.691160293655768,0.999263128279997,0.9757052513119988,Review Data Available,High,29,42,5,4.8,High,1.0
167,India,Lucknow,Wish Your Dish Multi Cuisine Restaurant,,,,,8874888805,https://maps.app.goo.gl/4V4y8rLYVxZghnY28,Restaurant,4.5,1092,Restaurant,Indian,0.9,6.996681488176539,0.7214333082521577,0.8285733233008632,Review Data Available,High,39,23,9,4.5,High,1.0
168,India,Lucknow,The House 21 | Arabian Restaurant | Chowk | Lucknow,,,,,9919990331,https://maps.app.goo.gl/1Ppd8cV3b4Fm1p1E9,Restaurant,4.3,517,Restaurant,Indian,0.86,6.249975242259483,0.6444398423934045,0.7737759369573618,Review Data Available,High,51,23,9,4.3,High,0.98
169,India,Lucknow,Mantar Restaurant - Lucknow,,,,,8400399594,https://maps.app.goo.gl/7mbsUxP3eY37PbU96,Restaurant,4.7,709,Restaurant,Indian,0.9400000000000001,6.565264970035361,0.676949613168543,0.8347798452674173,Review Data Available,High,27,23,9,4.7,High,1.0
170,USA,New York,Windsor Wine Shop,,,,,12127794422,https://maps.app.goo.gl/hryoHK2H3qz26dN98,Wine Store,4.6,66,Wine Store,Foreign,0.9199999999999999,4.204692619390966,0.4335491492240581,0.7254196596896232,Review Data Available,Medium,17,18,11,4.6,Medium,0.92
171,USA,New York,BARRELMORE WINE & SPIRITS,,,,,12126436789,https://maps.app.goo.gl/6t8Q4o9LR9EZcAv56,Wine Store,4.0,135,Wine Store,Foreign,0.8,4.912654885736052,0.5065476930037237,0.6826190772014895,Review Data Available,Medium,25,18,11,4.0,Medium,0.9
172,USA,New York,Mark's Wine & Spirits Inc.,,,,,12129621993,https://maps.app.goo.gl/m4U7G5LYLi2P63wk6,Wine Store,4.1,80,Wine Store,Foreign,0.82,4.394449154672439,0.45311509419981805,0.6732460376799272,Review Data Available,Medium,26,18,11,4.1,Medium,1.0
173,USA,New York,Spring Street Wine Shop,,,,,12122190521,https://maps.app.goo.gl/zXnWuSi8BLvvwbbLA,Wine Store,3.7,28,Wine Store,Foreign,0.74,3.367295829986474,0.3472045103948202,0.5828818041579281,Review Data Available,Low,23,18,11,3.7,Low,1.0
174,USA,New York,Vintage On Second (Wine and Liquor Store),,,,,12128288839,https://maps.app.goo.gl/bBcQbMqHTxLoyGnH6,Wine Store,4.5,56,Wine Store,Foreign,0.9,4.04305126783455,0.4168821828628258,0.7067528731451304,Review Data Available,Medium,41,18,11,4.5,Medium,1.0
175,India,Lucknow,Mantar Restaurant - Lucknow,,,,,8400399594,https://maps.app.goo.gl/7mbsUxP3eY37PbU96,Restaurant,4.7,709,Restaurant,Indian,0.9400000000000001,6.565264970035361,0.676949613168543,0.8347798452674173,Review Data Available,High,27,23,9,4.7,High,1.0
176,India,Lucknow,The House 21 | Arabian Restaurant in Lucknow,,,,,9919990331,https://maps.app.goo.gl/2nCBY6bBpLvegbVt5,Restaurant,4.3,517,Restaurant,Indian,0.86,6.249975242259483,0.6444398423934045,0.7737759369573618,Review Data Available,High,44,23,9,4.3,High,0.98
177,India,Lucknow,City Restaurant | Best Restaurant in Lucknow,,,,,9454363252,https://maps.app.goo.gl/ichyDJ2jqgMKHX2Z6,Restaurant,4.7,84,Restaurant,Indian,0.9400000000000001,4.442651256490317,0.45808525067156014,0.7472341002686241,Review Data Available,Medium,44,23,9,4.7,Medium,0.98
178,India,Lucknow,The Mughal's Dastarkhwan,,,,,5224044777,https://maps.app.goo.gl/6Ma2ruogEqvcwHsb7,Restaurant,4.2,11214,Restaurant,Indian,0.8400000000000001,9.32500744695431,0.9615088214749544,0.8886035285899818,Review Data Available,High,24,23,9,4.2,High,1.0
179,India,Lucknow,Moti Mahal Restaurant,,,,,5224048101,https://maps.app.goo.gl/NeEvbTGDCA55QnT29,Restaurant,4.2,16289,Restaurant,Indian,0.8400000000000001,9.69830670159609,1.0,0.904,Review Data Available,High,21,23,9,4.2,High,1.0
180,India,Lucknow,The Pacific Hut - Family Restaurants in Lucknow,,,,,8318849521,https://maps.app.goo.gl/gq8Jk46RXMJR37Kt5,Restaurant,4.0,625,Restaurant,Indian,0.8,6.439350371100098,0.6639664602523189,0.7455865841009275,Review Data Available,Medium,47,23,9,4.0,Medium,0.72
181,India,Lucknow,Royal Sky,,,,,9839023902,https://maps.app.goo.gl/Nauro52Ep9Ksx6P48,Restaurant,4.2,6398,Restaurant,Indian,0.8400000000000001,8.76389700713946,0.9036522845474819,0.8654609138189928,Review Data Available,High,9,23,9,4.2,High,1.0
182,India,Lucknow,Hons - All day Dining,,,,,9839397979,https://maps.app.goo.gl/QWTrvUPPMqTB1SMq6,Restaurant,4.4,2252,Restaurant,Indian,0.8800000000000001,7.720017940432244,0.7960170963825808,0.8464068385530323,Review Data Available,High,21,23,9,4.4,High,1.0
183,India,Lucknow,Dine Out City (DOC),,,,,6392502020,https://maps.app.goo.gl/F9FsoccepN8fxVSG7,Restaurant,4.3,322,Restaurant,Indian,0.86,5.777652323222656,0.5957382562743457,0.7542953025097383,Review Data Available,High,19,23,9,4.3,High,0.97
184,India,Lucknow,The Terrace,,,,,9936438000,https://maps.app.goo.gl/AnMjBgcs5yf8a5RB9,Restaurant,4.1,9553,Restaurant,Indian,0.82,9.164715193949908,0.9449809617220739,0.8699923846888296,Review Data Available,High,11,23,9,4.1,High,0.96
185,India,Lucknow,Bagicha - By Dayal Bagh,,,,,9005770888,https://maps.app.goo.gl/CSzVstPSDNLdCmwQ6,Restaurant,4.3,1291,Restaurant,Indian,0.86,7.163946684342547,0.7386801536358453,0.8114720614543381,Review Data Available,High,23,23,9,4.3,High,1.0
186,India,Lucknow,SMALL PARTY WALE,,,,,7800780040,https://maps.app.goo.gl/QAZHK8YLJpUk5GsF6,Restaurant,4.8,10,Restaurant,Indian,0.96,2.3978952727983707,0.24724885968018925,0.6748995438720756,Review Data Available,Medium,16,23,9,4.8,Medium,1.0
187,India,Lucknow,The Fresh Factory,,,,,8957331424,https://maps.app.goo.gl/tzP5a1PJ4xaizEjB9,Restaurant,4.3,1101,Restaurant,Indian,0.86,7.004881989712859,0.7222788683884411,0.8049115473553765,Review Data Available,High,17,23,9,4.3,High,1.0
188,India,Lucknow,Free Spirit,,,,,8175956711,https://maps.app.goo.gl/WAGF3raXgK14D5PK8,Restaurant,4.3,1558,Restaurant,Indian,0.86,7.351799869057777,0.7580498426439598,0.8192199370575839,Review Data Available,High,11,23,9,4.3,High,1.0
189,India,Lucknow,Best Choice Of Awadh,,,,,7235811114,https://maps.app.goo.gl/EHNcf8pSUF7o2WJY6,Restaurant,4.2,919,Restaurant,Indian,0.8400000000000001,6.824373670043086,0.7036665141678775,0.7854666056671511,Review Data Available,High,20,23,9,4.2,High,1.0
190,USA,New York,New York Clothing Store,,,,,15486006980,https://maps.app.goo.gl/kibj2N54D31TJUHk6,Clothing Store ,0.0,0,Clothing Store,Foreign,0.0,0.0,0.0,0.0,No Review Data,No Review Data,23,2,3,0.0,No Review Data,
191,USA,New York,59 Bayard Market,,,,,12126088866,https://maps.app.goo.gl/areTEFdno8VPnn5V7,Grocery Store,4.6,17,Grocery Store,Foreign,0.9199999999999999,2.8903717578961645,0.2980284957806587,0.6712113983122634,Review Data Available,Medium,16,16,6,4.6,Medium,0.99
192,USA,New York,Chinatown Building Supply Inc,,,,,12124310099,https://maps.app.goo.gl/wDicK1asnHRc2XUy6,Building Materials Store,4.7,80,Building Materials Store,Foreign,0.9400000000000001,4.394449154672439,0.45311509419981805,0.7452460376799273,Review Data Available,Medium,29,1,1,4.7,Medium,1.0
193,USA,New York,Chelsea Wine Cellar Inc,,,,,12126751813,https://maps.app.goo.gl/KkTMDF1kW1nyHHxz5,Wine Store,4.5,65,Wine Store,Foreign,0.9,4.189654742026425,0.4319985819108934,0.7127994327643574,Review Data Available,Medium,23,18,11,4.5,Medium,0.96
194,USA,New York,Hermès Meatpacking,,,,,12122571600,https://maps.app.goo.gl/Q8MgC11NoCLoAHqA9,Clothing Store ,3.5,264,Clothing Store,Foreign,0.7,5.579729825986222,0.5753303125655886,0.6501321250262355,Review Data Available,Medium,18,2,3,3.5,Medium,0.93
195,India,Lucknow,The Marigold- Fine Dine Restaurant,,,,,5224113801,https://maps.app.goo.gl/ktUJrggvkBAWFapg8,Restaurant,3.9,1270,Restaurant,Indian,0.78,7.147559271189454,0.7369904346305269,0.7627961738522108,Review Data Available,High,34,23,9,3.9,High,0.79
196,India,Lucknow,Royal Rangoli Restaurant,,,,,7318254638,https://maps.app.goo.gl/XbboprSC6sEMmY9z5,Restaurant,4.4,869,Restaurant,Indian,0.8800000000000001,6.76849321164863,0.6979046363356101,0.807161854534244,Review Data Available,High,24,23,9,4.4,High,1.0
197,India,Lucknow,Barkaas Indo-Arabic Restaurant,,,,,9115005777,https://maps.app.goo.gl/BpTbqEr4B6ZvmakJ8,Restaurant,4.5,5092,Restaurant,Indian,0.9,8.535622326884605,0.8801147034749749,0.8920458813899901,Review Data Available,High,30,23,9,4.5,High,1.0
198,India,Lucknow,FalakNuma Restaurant,,,,,5222620131,https://maps.app.goo.gl/mWViUJKs8Bf5pKFr9,Restaurant,4.0,723,Restaurant,Indian,0.8,6.584791392385716,0.6789629978707551,0.751585199148302,Review Data Available,High,20,23,9,4.0,High,0.71
199,India,Lucknow,The Centurion,,,,,9119603535,https://maps.app.goo.gl/RLRHGDCR8E5Myrz76,Restaurant,4.1,1690,Restaurant,Indian,0.82,7.43307534889858,0.766430221027686,0.7985720884110743,Review Data Available,High,13,23,9,4.1,High,0.95
200,India,Lucknow,Lucknow Cakes,,,,,9793115487,https://maps.app.goo.gl/yqC2wGJt7YZoQYPG7,Cake Shop,4.2,245,Cake Shop,Indian,0.8400000000000001,5.5053315359323625,0.5676590466072111,0.7310636186428845,Review Data Available,Medium,13,41,2,4.2,Medium,0.89
201,India,Lucknow,Globe Baker's & Cafe,,,,,8318527077,https://maps.app.goo.gl/MrfAvdVwLDPzqM3t5,Cake Shop,4.4,631,Cake Shop,Indian,0.8800000000000001,6.448889394146858,0.664950036389913,0.7939800145559652,Review Data Available,High,20,41,2,4.4,High,0.96
202,India,Lucknow,Good Bakery,,,,,5224072223,https://maps.app.goo.gl/FyaY9fg4MYmzZF4TA,Cake Shop,4.1,910,Cake Shop,Indian,0.82,6.814542897259958,0.7026528554864594,0.7730611421945837,Review Data Available,High,11,41,2,4.1,High,0.86
203,India,Lucknow,Shama Bakery,,,,,8182875927,https://maps.app.goo.gl/mHpPAbdXaeDmFJn2A,Cake Shop,4.2,825,Cake Shop,Indian,0.8400000000000001,6.716594773520978,0.692553347731888,0.7810213390927552,Review Data Available,High,12,41,2,4.2,High,1.0
204,India,Lucknow,JJ Bakers,,,,,9235555780,https://maps.app.goo.gl/APm1CMCv3BLGAWYJA,Cake Shop,4.0,2175,Cake Shop,Indian,0.8,7.685243607975833,0.7924314877267226,0.796972595090689,Review Data Available,High,9,41,2,4.0,High,0.98
205,India,Lucknow,New Brownie Bakery & Confectionery,,,,,9559898355,https://maps.app.goo.gl/qH3XPDtRq4H8szHk8,Cake Shop,4.0,36,Cake Shop,Indian,0.8,3.6109179126442243,0.3723245741496256,0.6289298296598502,Review Data Available,Medium,34,41,2,4.0,Medium,0.95
206,India,Lucknow,Silver Spoon Bakers and Cafe (Aishbagh),,,,,5224101530,https://maps.app.goo.gl/YJKk2YKHJMg8LVjB6,Cake Shop,4.1,1148,Cake Shop,Indian,0.82,7.046647277848756,0.7265853199599328,0.782634127983973,Review Data Available,High,39,41,2,4.1,High,0.93
207,India,Lucknow,The Cherry Tree Cafe,,,,,7523868301,https://maps.app.goo.gl/UQLBrWnu4Xob1EEC8,Cake Shop,4.4,8497,Cake Shop,Indian,0.8800000000000001,9.047586120674756,0.9329036912377454,0.9011614764950981,Review Data Available,High,20,41,2,4.4,High,1.0
208,India,Lucknow,Good Bakery Gomtinagar,,,,,9219906262,https://maps.app.goo.gl/r4f5MGbzJ4MMfCBaA,Cake Shop,4.2,260,Cake Shop,Indian,0.8400000000000001,5.564520407322694,0.5737620574947292,0.7335048229978917,Review Data Available,Medium,22,41,2,4.2,Medium,0.89
209,India,Lucknow,Durham Bakery,,,,,9565553111,https://maps.app.goo.gl/F3t4iiRuPTXcUGnUA,Cake Shop,3.8,60,Cake Shop,Indian,0.76,4.110873864173311,0.4238754238919633,0.6255501695567853,Review Data Available,Low,13,41,2,3.8,Low,0.49
210,USA,New York,Windsor Wine Shop,,,,,12127794422,https://maps.app.goo.gl/hryoHK2H3qz26dN98,Wine Store,4.6,66,Wine Store,Foreign,0.9199999999999999,4.204692619390966,0.4335491492240581,0.7254196596896232,Review Data Available,Medium,17,18,11,4.6,Medium,0.92
211,USA,New York,BARRELMORE WINE & SPIRITS,,,,,12126436789,https://maps.app.goo.gl/6t8Q4o9LR9EZcAv56,Wine Store,4.0,135,Wine Store,Foreign,0.8,4.912654885736052,0.5065476930037237,0.6826190772014895,Review Data Available,Medium,25,18,11,4.0,Medium,0.9
212,USA,New York,Mark's Wine & Spirits Inc.,,,,,12129621993,https://maps.app.goo.gl/m4U7G5LYLi2P63wk6,Wine Store,4.1,80,Wine Store,Foreign,0.82,4.394449154672439,0.45311509419981805,0.6732460376799272,Review Data Available,Medium,26,18,11,4.1,Medium,1.0
213,USA,New York,Spring Street Wine Shop,,,,,12122190521,https://maps.app.goo.gl/zXnWuSi8BLvvwbbLA,Wine Store,3.7,28,Wine Store,Foreign,0.74,3.367295829986474,0.3472045103948202,0.5828818041579281,Review Data Available,Low,23,18,11,3.7,Low,1.0
214,USA,New York,Vintage On Second (Wine and Liquor Store),,,,,12128288839,https://maps.app.goo.gl/bBcQbMqHTxLoyGnH6,Wine Store,4.5,56,Wine Store,Foreign,0.9,4.04305126783455,0.4168821828628258,0.7067528731451304,Review Data Available,Medium,41,18,11,4.5,Medium,1.0
215,India,Lucknow,No. 10 Bakery - Best bakery In Lucknow,,,,,9235604275,https://maps.app.goo.gl/dqv2WU6xSFGS4EJS7,Cake Shop,4.2,9,Cake Shop,Indian,0.8400000000000001,2.302585092994046,0.2374213523908354,0.5989685409563341,Review Data Available,Low,38,41,2,4.2,Low,0.94
216,India,Lucknow,NICE BAKERY,,,,,8097482510,https://maps.app.goo.gl/UNsrtNT5wggWkhJY6,Cake Shop,4.3,31,Cake Shop,Indian,0.86,3.4657359027997265,0.3573547434037486,0.6589418973614994,Review Data Available,Medium,11,41,2,4.3,Medium,1.0
217,India,Lucknow,Apollo Bakery Shop,,,,,9839034133,https://maps.app.goo.gl/ss93NukzhwUkbGGW6,Cake Shop,4.0,36,Cake Shop,Indian,0.8,3.6109179126442243,0.3723245741496256,0.6289298296598502,Review Data Available,Medium,18,41,2,4.0,Medium,0.95
218,India,Lucknow,Sugar High Food | Aminabad | Lucknow,,,,,8840136926,https://maps.app.goo.gl/3nGf7tMoy8p2by256,Cake Shop,4.8,22,Cake Shop,Indian,0.96,3.1354942159291497,0.32330326441554263,0.705321305766217,Review Data Available,Medium,36,41,2,4.8,Medium,1.0
219,India,Lucknow,Burma Bakery,,,,,9839018384,https://maps.app.goo.gl/qCqY4imswcPLrVvK9,Cake Shop,3.8,219,Cake Shop,Indian,0.76,5.393627546352362,0.5561411607517743,0.6784564643007097,Review Data Available,Medium,12,41,2,3.8,Medium,0.98
220,India,Lucknow,Sweet Luscious,,,,,5224010785,https://maps.app.goo.gl/Nbd7HTETtWZ5fr2q8,Cake Shop,3.8,151,Cake Shop,Indian,0.76,5.0238805208462765,0.5180162553551205,0.6632065021420481,Review Data Available,Medium,14,41,2,3.8,Medium,0.93
221,India,Lucknow,Sunny Bakery,,,,,7985938863,https://maps.app.goo.gl/29JV5JB6rjyWHyxQA,Cake Shop,4.3,36,Cake Shop,Indian,0.86,3.6109179126442243,0.3723245741496256,0.6649298296598503,Review Data Available,Medium,12,41,2,4.3,Medium,1.0
222,India,Lucknow,Indian cake shop and bakery,,,,,6351721810,https://maps.app.goo.gl/qsku31xL88XC1mtz6,Cake Shop,5.0,6,Cake Shop,Indian,1.0,1.9459101490553132,0.20064431956302917,0.6802577278252117,Review Data Available,Medium,27,41,2,5.0,Medium,1.0
223,India,Lucknow,Shyam bakery,,,,,9889889371,https://maps.app.goo.gl/n3YXJ1WvBEfuoJkq6,Cake Shop,4.2,39,Cake Shop,Indian,0.8400000000000001,3.6888794541139363,0.3803632497523348,0.656145299900934,Review Data Available,Medium,12,41,2,4.2,Medium,0.94
224,India,Lucknow,THE CAKE CORNER BAKERY,,,,,7007026220,https://maps.app.goo.gl/xUvpWVDZN6Fvc42q6,Cake Shop,5.0,4,Cake Shop,Indian,1.0,1.6094379124341003,0.16595040371008565,0.6663801614840342,Review Data Available,Medium,22,41,2,5.0,Medium,1.0
225,India,Lucknow,Bengal Bakery,,,,,9336704363,https://maps.app.goo.gl/1oW5EyqTVRY9oRnV7,Cake Shop,3.9,34,Cake Shop,Indian,0.78,3.5553480614894135,0.3665947232731148,0.6146378893092459,Review Data Available,Low,13,41,2,3.9,Low,0.91
226,India,Lucknow,New Good Bakers,,,,,7052646764,https://maps.app.goo.gl/cNrSqbLCixh9v1ow8,Cake Shop,3.7,24,Cake Shop,Indian,0.74,3.2188758248682006,0.3319008074201713,0.5767603229680686,Review Data Available,Low,15,41,2,3.7,Low,1.0
227,India,Lucknow,Ganj Bakery,,,,,9621454399,https://maps.app.goo.gl/EZ1zfkbPERP4MD9Z9,Cake Shop,5.0,3,Cake Shop,Indian,1.0,1.3862943611198906,0.14294189736149945,0.6571767589445998,Review Data Available,Medium,11,41,2,5.0,Medium,0.98
228,India,Lucknow,The Cake Haven,,,,,8545052079,https://maps.app.goo.gl/TgpFra9btuiWvDsW8,Cake Shop,5.0,1,Cake Shop,Indian,1.0,0.6931471805599453,0.07147094868074973,0.6285883794722998,Review Data Available,Medium,14,41,2,5.0,Medium,1.0
229,India,Lucknow,JL Cakers,,,,,9889646222,https://maps.app.goo.gl/sRmdtqWSxyuBhgKN9,Cake Shop,4.9,12,Cake Shop,Indian,0.9800000000000001,2.5649493574615367,0.26447393719147,0.6937895748765881,Review Data Available,Medium,9,41,2,4.9,Medium,1.0
230,USA,New York,Elman's Wines & Liquors,,,,,12126738362,https://maps.app.goo.gl/RZUwFGSjhCmVshGM9,Wine Store,4.3,15,Wine Store,Foreign,0.86,2.772588722239781,0.2858837947229989,0.6303535178891996,Review Data Available,Medium,23,18,11,4.3,Medium,0.96
231,USA,New York,Reidy Wine & Liquor Inc,,,,,12122460187,https://maps.app.goo.gl/MTqv4uMzowXmNwEx7,Wine Store,2.9,130,Wine Store,Foreign,0.58,4.875197323201151,0.5026854143928877,0.5490741657571551,Review Data Available,Low,23,18,11,2.9,Low,0.74
232,USA,New York,De Lauren Wines & Spirits,,,,,12122550854,https://maps.app.goo.gl/SrbYEuozp4Wvr95G6,Wine Store,4.7,91,Wine Store,Foreign,0.9400000000000001,4.5217885770490405,0.46624516177704206,0.7504980647108169,Review Data Available,High,25,18,11,4.7,High,0.69
233,USA,New York,Santo Domingo Bakery,,,,,12125052029,https://maps.app.goo.gl/E4wqyKBhc8MceAsk7,Cake Shop,4.4,239,Cake Shop,Foreign,0.8800000000000001,5.480638923341991,0.565112971983039,0.7540451887932156,Review Data Available,High,20,41,2,4.4,High,0.81
234,USA,New York,Yue Lai Bakery,,,,,19172572263,https://maps.app.goo.gl/ZKFjGfXVXmGTY92m6,Cake Shop,3.9,29,Cake Shop,Foreign,0.78,3.4011973816621555,0.3507001259407899,0.6082800503763159,Review Data Available,Low,14,41,2,3.9,Low,1.0
235,India,Patna,Urmila Medical Hall,,,,,8578809997,https://maps.app.goo.gl/LCzDJbrRhBBZHzrr7,Pharmacy,3.9,44,Pharmacy,Indian,0.78,3.8066624897703196,0.3925079508099946,0.6250031803239978,Review Data Available,Low,19,93,8,3.9,Low,0.97
236,India,Patna,Lifeline Medicals,,,,,9386063660,https://maps.app.goo.gl/TDUWwdEWZBwHyLCQ9,Pharmacy,4.3,7,Pharmacy,Indian,0.86,2.0794415416798357,0.21441284604224917,0.6017651384168997,Review Data Available,Low,17,93,8,4.3,Low,0.93
237,India,Patna,Nalanda Medical Hall नालंदा मेडिकल हाल,,,,,9934802080,https://maps.app.goo.gl/rtH5fN1xqASULepG7,Pharmacy,4.3,28,Pharmacy,Indian,0.86,3.367295829986474,0.3472045103948202,0.6548818041579281,Review Data Available,Medium,38,93,8,4.3,Medium,0.95
238,India,Patna,Nirmal Medico,,,,,9334299958,https://maps.app.goo.gl/poKEZjsaYRqQ4Jou9,Pharmacy,5.0,23,Pharmacy,Indian,1.0,3.1780538303479458,0.3276916195922037,0.7310766478368815,Review Data Available,Medium,13,93,8,5.0,Medium,0.99
239,India,Patna,Dadiji Medical Store,,,,,9304289891,https://maps.app.goo.gl/ypcLrYhsppvcW9VH6,Pharmacy,3.9,21,Pharmacy,Indian,0.78,3.091042453358316,0.318719808360939,0.5954879233443756,Review Data Available,Low,20,93,8,3.9,Low,1.0
240,India,Patna,MAA TARA MEDICAL HALL,,,,,8084540455,https://maps.app.goo.gl/8dcHQ3USzeQQqv6C8,Pharmacy,4.5,21,Pharmacy,Indian,0.9,3.091042453358316,0.318719808360939,0.6674879233443757,Review Data Available,Medium,21,93,8,4.5,Medium,1.0
241,India,Patna,Sona Medical,,,,,8102224151,https://maps.app.goo.gl/3X2AT9GaaPfLUsZw7,Pharmacy,4.3,18,Pharmacy,Indian,0.86,2.9444389791664403,0.3036034093128713,0.6374413637251486,Review Data Available,Medium,12,93,8,4.3,Medium,0.97
242,India,Patna,Riya Medical Hall,,,,,9939250484,https://maps.app.goo.gl/zVBeL5pWbrGfxkSa7,Pharmacy,4.8,9,Pharmacy,Indian,0.96,2.302585092994046,0.2374213523908354,0.6709685409563342,Review Data Available,Medium,17,93,8,4.8,Medium,0.99
243,India,Patna,Nalanda Medicals,,,,,9835286712,https://maps.app.goo.gl/DrdRS2hry5sbyrsy8,Pharmacy,4.6,5,Pharmacy,Indian,0.9199999999999999,1.791759469228055,0.18474972223070424,0.6258998888922817,Review Data Available,Low,16,93,8,4.6,Low,0.73
244,India,Patna,Sona Medicals,,,,,6122281025,https://maps.app.goo.gl/QoJgDcTdngCAH9A16,Pharmacy,4.0,11,Pharmacy,Indian,0.8,2.4849066497880004,0.25622067091145395,0.5824882683645816,Review Data Available,Low,13,93,8,4.0,Low,0.99
245,India,Patna,Alok medicals hall,,,,,9608245629,https://maps.app.goo.gl/bU1PPanwjSNDoqwq9,Pharmacy,4.0,6,Pharmacy,Indian,0.8,1.9459101490553132,0.20064431956302917,0.5602577278252117,Review Data Available,Low,18,93,8,4.0,Low,1.0
246,India,Patna,Anuradha Medicals,,,,,9113305192,https://maps.app.goo.gl/kR7jtLxuL4oiDaxE8,Pharmacy,4.7,3,Pharmacy,Indian,0.9400000000000001,1.3862943611198906,0.14294189736149945,0.6211767589445998,Review Data Available,Low,17,93,8,4.7,Low,0.93
247,India,Patna,JALPAN MEDICAL HALL,,,,,7004996603,https://maps.app.goo.gl/j2nTiNoD48Te77oXA,Pharmacy,3.8,56,Pharmacy,Indian,0.76,4.04305126783455,0.4168821828628258,0.6227528731451303,Review Data Available,Low,19,93,8,3.8,Low,0.91
248,India,Patna,Paras Medical Hall,,,,,9386803691,https://maps.app.goo.gl/sbneKqdwRbKKwSc99,Pharmacy,4.0,8,Pharmacy,Indian,0.8,2.1972245773362196,0.22655754709990902,0.5706230188399636,Review Data Available,Low,18,93,8,4.0,Low,1.0
249,India,Patna,Ujala Medical,,,,,9801835490,https://maps.app.goo.gl/McwUurVvyMkMqJgL9,Pharmacy,3.9,18,Pharmacy,Indian,0.78,2.9444389791664403,0.3036034093128713,0.5894413637251485,Review Data Available,Low,13,93,8,3.9,Low,1.0
250,USA,New York,Elegant Express Tailor,,,,,12126747341,https://maps.app.goo.gl/1eFKWkjmXtqrAse57,Tailor,4.1,172,Tailor,Foreign,0.82,5.153291594497779,0.5313599325178777,0.704543973007151,Review Data Available,Medium,22,20,10,4.1,Medium,0.98
251,USA,New York,Cardelino NYC Tailoring,,,,,12124774654,https://maps.app.goo.gl/y3j7Bu67HpoTF5yG7,Tailor,4.9,25,Tailor,Foreign,0.9800000000000001,3.258096538021482,0.3359448858722197,0.722377954348888,Review Data Available,Medium,23,20,10,4.9,Medium,0.99
252,USA,New York,P J D Custom Tailoring & Alterations,,,,,19179383985,https://maps.app.goo.gl/xb2DNxeZDDDfmHRS8,Tailor,4.5,51,Tailor,Foreign,0.9,3.9512437185814275,0.4074158345529694,0.7029663338211878,Review Data Available,Medium,36,20,10,4.5,Medium,0.96
253,USA,New York,D'Alex Tailor Shop,,,,,12122283986,https://maps.app.goo.gl/6jq5A8nWATbQfZHx9,Tailor,4.6,33,Tailor,Foreign,0.9199999999999999,3.5263605246161616,0.3636057956422242,0.6974423182568896,Review Data Available,Medium,18,20,10,4.6,Medium,1.0
254,USA,New York,Sastreria Garcia,,,,,16462718905,https://maps.app.goo.gl/VK8bYpz6nyTyLMGN9,Tailor,4.5,71,Tailor,Foreign,0.9,4.276666119016055,0.4409703931421582,0.7163881572568633,Review Data Available,Medium,16,20,10,4.5,Medium,1.0
255,India,Patna,Medisinen Medical Shop,,,,,9304398435,https://maps.app.goo.gl/bVa56rn7MDvG4Vdy9,Pharmacy,5.0,138,Pharmacy,Indian,1.0,4.9344739331306915,0.5087974720699032,0.8035189888279612,Review Data Available,High,22,93,8,5.0,High,0.99
256,India,Patna,Drug O2 | Medical Store | Online Medicine Order Patna,,,,,7768030303,https://maps.app.goo.gl/UNNj8RU9cJnWzKFf9,Pharmacy,4.8,236,Pharmacy,Indian,0.96,5.4680601411351315,0.5638159638976183,0.8015263855590473,Review Data Available,High,53,93,8,4.8,High,0.96
257,India,Patna,Radha Medicals,,,,,9334083440,https://maps.app.goo.gl/8mhNHs1X5XToWmZK9,Pharmacy,4.5,27,Pharmacy,Indian,0.9,3.332204510175204,0.3435862169245286,0.6774344867698114,Review Data Available,Medium,14,93,8,4.5,Medium,1.0
258,India,Patna,SAGUN MEDICAL,,,,,9117177771,https://maps.app.goo.gl/pJEgvitVF6LfkWQ99,Pharmacy,4.7,161,Pharmacy,Indian,0.9400000000000001,5.087596335232384,0.5245860428805676,0.7738344171522271,Review Data Available,High,13,93,8,4.7,High,0.93
259,India,Patna,Healthcare Medicines - Home delivery available,,,,,8092210210,https://maps.app.goo.gl/R8n6KZiDRfFLE3Pw6,Pharmacy,4.9,59,Pharmacy,Indian,0.9800000000000001,4.0943445622221,0.4221710746215396,0.7568684298486159,Review Data Available,High,46,93,8,4.9,High,0.65
260,India,Patna,Geetanjali Medical,,,,,9430270997,https://maps.app.goo.gl/EYP6XF4H1wmHNwtq7,Pharmacy,3.6,54,Pharmacy,Indian,0.72,4.007333185232471,0.4131992633902749,0.59727970535611,Review Data Available,Low,18,93,8,3.6,Low,0.97
261,India,Patna,New GetWell Medical,,,,,9931714161,https://maps.app.goo.gl/5dh9pFhJSZCrfcsU7,Pharmacy,4.0,26,Pharmacy,Indian,0.8,3.295836866004329,0.3398363206498635,0.6159345282599454,Review Data Available,Low,19,93,8,4.0,Low,0.81
262,India,Patna,New Krishna Medical Hall,,,,,8434744899,https://maps.app.goo.gl/hRLgL4vzpT48YYh9A,Pharmacy,4.8,23,Pharmacy,Indian,0.96,3.1780538303479458,0.3276916195922037,0.7070766478368815,Review Data Available,Medium,24,93,8,4.8,Medium,1.0
263,India,Patna,Kamal Medical Hall,,,,,8252220418,https://maps.app.goo.gl/6qwJ2jqBntNpsxCq9,Pharmacy,4.7,92,Pharmacy,Indian,0.9400000000000001,4.532599493153256,0.46735988380397453,0.7509439535215898,Review Data Available,High,18,93,8,4.7,High,0.7
264,India,Patna,Aditya Medicals,,,,,9771407251,https://maps.app.goo.gl/54K4dsA5JBvnXX6e6,Pharmacy,4.7,12,Pharmacy,Indian,0.9400000000000001,2.5649493574615367,0.26447393719147,0.6697895748765881,Review Data Available,Medium,15,93,8,4.7,Medium,0.73
265,India,Patna,Shobha Medicals,,,,,8340499972,https://maps.app.goo.gl/RpbNPNnLj1sZSpBUA,Pharmacy,4.2,36,Pharmacy,Indian,0.8400000000000001,3.6109179126442243,0.3723245741496256,0.6529298296598502,Review Data Available,Medium,15,93,8,4.2,Medium,0.98
266,India,Patna,Anubha Medical Hall,,,,,9431493121,https://maps.app.goo.gl/xkQq5Pux4Rx1uT4c6,Pharmacy,4.3,16,Pharmacy,Indian,0.86,2.833213344056216,0.29213484696147446,0.6328539387845898,Review Data Available,Medium,19,93,8,4.3,Medium,0.94
267,India,Patna,AUSHDHAM MEDICAL STORE,,,,,6201374184,https://maps.app.goo.gl/FYcifXwevE523wg79,Pharmacy,4.7,14,Pharmacy,Indian,0.9400000000000001,2.70805020110221,0.27922917726004015,0.6756916709040162,Review Data Available,Medium,22,93,8,4.7,Medium,0.68
268,India,Patna,"Sri Vishnu Medical Hall, Patna",,,,,7992310993,https://maps.app.goo.gl/AGJDKxTCij2YVBHr7,Pharmacy,4.8,4,Pharmacy,Indian,0.96,1.6094379124341003,0.16595040371008565,0.6423801614840342,Review Data Available,Medium,30,93,8,4.8,Medium,0.99
269,India,Patna,New Chopra Medical,,,,,9693204765,https://maps.app.goo.gl/2U63iubCrh786xiK9,Pharmacy,3.8,63,Pharmacy,Indian,0.76,4.1588830833596715,0.42882569208449833,0.6275302768337994,Review Data Available,Low,18,93,8,3.8,Medium,0.55
270,USA,New York,Expert Tailoring,,,,,12122541151,https://maps.app.goo.gl/QYE7UDQKzT5a1qXr7,Tailor,4.5,82,Tailor,Foreign,0.9,4.418840607796598,0.45563011603555204,0.7222520464142208,Review Data Available,Medium,16,20,10,4.5,Medium,1.0
271,USA,New York,Alteration Concept,,,,,12128976543,https://maps.app.goo.gl/px7TFBKq2xdRpagU9,Tailor,4.6,58,Tailor,Foreign,0.9199999999999999,4.07753744390572,0.42043807948810924,0.7201752317952437,Review Data Available,Medium,18,20,10,4.6,Medium,0.95
272,USA,New York,BLUE 35 TAILOR & CLEANERS,,,,,12127361167,https://maps.app.goo.gl/E6qg3MmRHLnd9SV18,Tailor,4.6,85,Tailor,Foreign,0.9199999999999999,4.454347296253507,0.4592912384922243,0.7357164953968897,Review Data Available,Medium,25,20,10,4.6,Medium,0.95
273,USA,New York,Larry Custom Tailors and Alterations,,,,,12129673493,https://maps.app.goo.gl/H4wNZ2sCC3Fn45AP9,Tailor,5.0,10,Tailor,Foreign,1.0,2.3978952727983707,0.24724885968018925,0.6988995438720756,Review Data Available,Medium,36,20,10,5.0,Medium,1.0
274,USA,New York,Adelso Clasico Tailor,,,,,13477931429,https://maps.app.goo.gl/76gEjcmfzPM1n1Pz9,Tailor,4.7,69,Tailor,Foreign,0.9400000000000001,4.248495242049359,0.4380656719538646,0.7392262687815458,Review Data Available,Medium,21,20,10,4.7,Medium,0.99
275,India,Patna,Gayatri Medical Hall,,,,,9693837617,https://maps.app.goo.gl/XVmfK8y66mdWsi8r7,Pharmacy,4.3,6,Pharmacy,Indian,0.86,1.9459101490553132,0.20064431956302917,0.5962577278252117,Review Data Available,Low,20,93,8,4.3,Low,0.98
276,India,Patna,Mahaveer Medicals,,,,,9608266633,https://maps.app.goo.gl/VzCMTa1xKq4N8WMn9,Pharmacy,4.2,10,Pharmacy,Indian,0.8400000000000001,2.3978952727983707,0.24724885968018925,0.6028995438720757,Review Data Available,Low,17,93,8,4.2,Low,0.92
277,India,Patna,Divya Medico,,,,,9905050226,https://maps.app.goo.gl/vuqJy2yhxozMn8hr8,Pharmacy,2.3,3,Pharmacy,Indian,0.45999999999999996,1.3862943611198906,0.14294189736149945,0.33317675894459975,Review Data Available,Low,12,93,8,2.3,Low,0.99
278,India,Patna,PRABHAT MEDICAL HALL,,,,,8873759590,https://maps.app.goo.gl/YUBhW55pHToaxg826,Pharmacy,3.9,19,Pharmacy,Indian,0.78,2.995732273553991,0.3088923010715851,0.5915569204286341,Review Data Available,Low,20,93,8,3.9,Low,1.0
279,India,Patna,Tara Medical Hall,,,,,7541811717,https://maps.app.goo.gl/i6zCfe4riLm4ZFmN8,Pharmacy,5.0,2,Pharmacy,Indian,1.0,1.0986122886681098,0.11327877354995451,0.6453115094199818,Review Data Available,Medium,17,93,8,5.0,Medium,1.0
280,India,Patna,Unani medical patna,,,,,7903638039,https://maps.app.goo.gl/DX8wk2FGCwqqVwWJ6,Pharmacy,4.8,5,Pharmacy,Indian,0.96,1.791759469228055,0.18474972223070424,0.6498998888922817,Review Data Available,Medium,19,93,8,4.8,Medium,1.0
281,India,Patna,DEV MEDICAL & Path Lab center,,,,,7209642334,https://maps.app.goo.gl/avSoLBL7ZoiikyGr5,Pharmacy,4.9,24,Pharmacy,Indian,0.9800000000000001,3.2188758248682006,0.3319008074201713,0.7207603229680686,Review Data Available,Medium,29,93,8,4.9,Medium,1.0
282,India,Patna,Pacific Surgicals And Pharmacy,,,,,6203186077,https://maps.app.goo.gl/HbavHWZzPp2iiKpaA,Pharmacy,4.6,25,Pharmacy,Indian,0.9199999999999999,3.258096538021482,0.3359448858722197,0.6863779543488878,Review Data Available,Medium,30,93,8,4.6,Medium,0.99
283,India,Patna,Medical Store,,,,,7544824817,https://maps.app.goo.gl/XZzySez27gdwPd6o9,Pharmacy,2.3,4,Pharmacy,Indian,0.45999999999999996,1.6094379124341003,0.16595040371008565,0.3423801614840342,Review Data Available,Low,13,93,8,2.3,Low,1.0
284,India,Patna,Dawai Medical Hall,,,,,9534438460,https://maps.app.goo.gl/bdRASB34szttVtTNA,Pharmacy,4.6,16,Pharmacy,Indian,0.9199999999999999,2.833213344056216,0.29213484696147446,0.6688539387845898,Review Data Available,Medium,18,93,8,4.6,Medium,0.99
285,India,Patna,Sulekha Medical Hall,,,,,9386773875,https://maps.app.goo.gl/sShNStGhCEYayiKs6,Pharmacy,4.0,3,Pharmacy,Indian,0.8,1.3862943611198906,0.14294189736149945,0.5371767589445997,Review Data Available,Low,20,93,8,4.0,Low,0.99
286,India,Patna,Mahaveer Medical,,,,,7488074261,https://maps.app.goo.gl/Jo1DDFc4FsY4mn82A,Pharmacy,0.0,0,Pharmacy,Indian,0.0,0.0,0.0,0.0,No Review Data,No Review Data,16,93,8,0.0,No Review Data,
287,India,Patna,Jain Medical Agency,,,,,6122300915,https://maps.app.goo.gl/U6GjyB97wYVMLNT38,Pharmacy,5.0,2,Pharmacy,Indian,1.0,1.0986122886681098,0.11327877354995451,0.6453115094199818,Review Data Available,Medium,19,93,8,5.0,Medium,1.0
288,USA,New York,Tailor New York,,,,,12128401871,https://maps.app.goo.gl/fJt1FVvSNYZ3PUz18,Tailor,4.4,69,Tailor,Foreign,0.8800000000000001,4.248495242049359,0.4380656719538646,0.7032262687815458,Review Data Available,Medium,15,20,10,4.4,Medium,1.0
289,USA,New York,Bosco & Barraza Tailors,,,,,12127533990,https://maps.app.goo.gl/HLtkVGGYiST4nj5V8,Tailor,4.2,14,Tailor,Foreign,0.8400000000000001,2.70805020110221,0.27922917726004015,0.6156916709040161,Review Data Available,Low,23,20,10,4.2,Low,0.84
290,USA,New York,Woodside Tailor Shop,,,,,17183923382,https://maps.app.goo.gl/Lhr7GNA1W6tSA2iS6,Tailor,3.9,18,Tailor,Foreign,0.78,2.9444389791664403,0.3036034093128713,0.5894413637251485,Review Data Available,Low,20,20,10,3.9,Low,1.0
291,USA,New York,LNC Tailor & Bespoke Shop est 1981,,,,,12124069527,https://maps.app.goo.gl/DVq9KBV5KKXCJGjT9,Tailor,4.9,436,Tailor,Foreign,0.9800000000000001,6.07993319509559,0.6269066737284139,0.8387626694913657,Review Data Available,High,34,20,10,4.9,High,0.99
292,USA,New York,Expert Tailoring,,,,,12122541151,https://maps.app.goo.gl/h8MahW6yii6aTBjQ9,Tailor,4.5,82,Tailor,Foreign,0.9,4.418840607796598,0.45563011603555204,0.7222520464142208,Review Data Available,Medium,16,20,10,4.5,Medium,1.0
293,India,Patna,Mobile medical,,,,,8540999641,https://maps.app.goo.gl/RWyvkQ91hoHLPvZw9,Pharmacy,4.9,374,Pharmacy,Indian,0.9800000000000001,5.926926025970411,0.6111299846802114,0.8324519938720847,Review Data Available,High,14,93,8,4.9,High,1.0
294,India,Patna,Sri Maa Medical,,,,,8617433071,https://maps.app.goo.gl/91WGK16EK8MmVYxG8,Pharmacy,5.0,1,Pharmacy,Indian,1.0,0.6931471805599453,0.07147094868074973,0.6285883794722998,Review Data Available,Medium,15,93,8,5.0,Medium,1.0
295,India,Patna,Paras Medical Hall,,,,,8210184659,https://maps.app.goo.gl/HLTBEoMhCUiXNdsA9,Pharmacy,0.0,0,Pharmacy,Indian,0.0,0.0,0.0,0.0,No Review Data,No Review Data,18,93,8,0.0,No Review Data,
296,India,Patna,Das Medical Hall,,,,,8789822353,https://maps.app.goo.gl/bjZegjkSwRA84cA4A,Pharmacy,5.0,2,Pharmacy,Indian,1.0,1.0986122886681098,0.11327877354995451,0.6453115094199818,Review Data Available,Medium,16,93,8,5.0,Medium,1.0
297,India,Patna,Ayush Medical,,,,,9386999603,https://maps.app.goo.gl/DkL3kFFn3PD3UkxG6,Pharmacy,5.0,2,Pharmacy,Indian,1.0,1.0986122886681098,0.11327877354995451,0.6453115094199818,Review Data Available,Medium,13,93,8,5.0,Medium,1.0
