S.No,Country,City,Company,LINKEDIN LINK,Website,Tech Need / Problem,EMAIL,CONTACT,Google Map,Category,Ratings,Reviews,Clean_Category,Conversion_Probability,Company_Name_Length,Company_Word_Count,Predicted_Probability,Priority
1,India,Lucknow,Ladies First Beauty Salon,,,,,7499858640,https://maps.app.goo.gl/zQKMiLRnw9RziQSh6,Beauty Salon ,4.5,399,Beauty Salon,0.85,25,4,0.8499999999999993,High Probability (Priority 1)
2,India,Lucknow,Priya Beauty Salon,,,,,8881200100,https://maps.app.goo.gl/jm5JRZPhwYTUJqSR9,Beauty Salon ,4.8,55,Beauty Salon,0.85,18,3,0.8499999999999993,High Probability (Priority 1)
3,India,Lucknow,Looks,,,,,9919990738,https://maps.app.goo.gl/3B8ZhGzqW2v8Pb5R7,Beauty Salon ,4.8,329,Beauty Salon,0.85,5,1,0.8499999999999993,High Probability (Priority 1)
4,India,Lucknow,"Glow N Glam",,,,,9919736852,https://maps.app.goo.gl/aQTVy4qYCbXqdmMK6,Beauty Salon ,4.6,221,Beauty Salon,0.85,12,3,0.8499999999999993,High Probability (Priority 1)
5,USA,New York,NY-2 Food Market,,,,,12125822075,https://maps.app.goo.gl/QNWKnhprAJ5gZAmUA,Grocery Store,4.3,55,Grocery Store,0.55,16,3,0.549999999999999,Medium Probability (Priority 2)
6,USA,New York,Noho Food Market,,,,,16464764047,https://maps.app.goo.gl/34fGKMS5i3FvqevD6,Grocery Store,4.2,57,Grocery Store,0.55,16,3,0.549999999999999,Medium Probability (Priority 2)
7,USA,New York,Parkview Convenience,,,,,16466923022,https://maps.app.goo.gl/BGEzEjtYC9VTef3w5,Grocery Store,5.0,3,Grocery Store,0.55,20,2,0.549999999999999,Medium Probability (Priority 2)
8,USA,New York,NYC convenience (maiden lane),,,,,15186753636,https://maps.app.goo.gl/szZhHoHRyeno9ibX7,Grocery Store,4.5,12,Grocery Store,0.55,29,4,0.561999999999999,Medium Probability (Priority 2)
9,USA,New York,Sonny's Grocery store,,,,,12125417747,https://maps.app.goo.gl/4H16AYmruc587pTS9,Grocery Store,4.5,15,Grocery Store,0.55,21,3,0.549999999999999,Medium Probability (Priority 2)
10,USA,New York,Chelsea convenience & more,,,,,19293127422,https://maps.app.goo.gl/Gjkkb4igdtAQd3JH9,Grocery Store,3.5,8,Grocery Store,0.55,26,4,0.555999999999999,Medium Probability (Priority 2)
11,USA,New York,59 Bayard Market,,,,,12126088866,https://maps.app.goo.gl/pMxgUUTUUSEtVPFB8,Grocery Store,4.6,17,Grocery Store,0.55,16,3,0.549999999999999,Medium Probability (Priority 2)
12,USA,New York,Ez Minimart,,,,,12124757962,https://maps.app.goo.gl/Lxyosg9qh5Uzt96W8,Grocery Store,4.0,14,Grocery Store,0.55,11,2,0.549999999999999,Medium Probability (Priority 2)
13,USA,New York,2nd Ave. Grocery & Smoke Shop,,,,,12124470131,https://maps.app.goo.gl/TR15mrcLyrQAqcLN6,Grocery Store,5.0,6,Grocery Store,0.55,29,6,0.561999999999999,Medium Probability (Priority 2)
14,USA,New York,Boongs Grab and Go,,,,,16469830367,https://maps.app.goo.gl/Be8qfRo1rLCJyD2X8,Grocery Store,4.1,25,Grocery Store,0.55,18,4,0.552999999999999,Medium Probability (Priority 2)
15,USA,New York,Soho Garden,,,,,12129415973,https://maps.app.goo.gl/CC1a4SD9SUgxzgDW7,Grocery Store,4.2,63,Grocery Store,0.55,11,2,0.549999999999999,Medium Probability (Priority 2)
16,USA,New York,Mitsuki Japanese Market,,,,,16468613801,https://maps.app.goo.gl/dZDq1dyg4zxVBXdr7,Grocery Store,4.9,438,Grocery Store,0.55,23,3,0.549999999999999,Medium Probability (Priority 2)
17,USA,New York,Peas & Pickles,,,,,17184888336,https://maps.app.goo.gl/X4HqRVDxn88dG3LF7,Grocery Store,3.7,432,Grocery Store,0.55,14,3,0.549999999999999,Medium Probability (Priority 2)
18,USA,New York,Ha Ha Fresh Corporation,,,,,12129247249,https://maps.app.goo.gl/RUoX6ZfrfkwUrXUR8,General Store,3.8,16,General Store,0.55,23,4,0.549999999999999,Medium Probability (Priority 2)
19,USA,New York,Lime Tree Market,,,,,19176756480,https://maps.app.goo.gl/mRqMhvYnQCuBanHu8,Grocery Store,3.8,50,Grocery Store,0.55,16,3,0.549999999999999,Medium Probability (Priority 2)
20,India,Lucknow,Lucknow Medical Store,,,,,9795874121,https://maps.app.goo.gl/gF8nNigdUrRL2XuJ6,Pharmacy,4.4,26,Pharmacy,0.15,21,3,0.15000000000000027,Low Probability (Priority 3)
21,India,Lucknow,Krishna Medicals,,,,,9118147955,https://maps.app.goo.gl/LYPPy5VnmPr4H6zw6,Pharmacy,4.8,66,Pharmacy,0.15,16,2,0.15000000000000027,Low Probability (Priority 3)
22,India,Lucknow,Kishori Lal Prabhu Dayal Medical Store,,,,,9451314111,https://maps.app.goo.gl/FyP4BF3uzXvpEooY7,Pharmacy,4.2,31,Pharmacy,0.15,38,6,0.15000000000000027,Low Probability (Priority 3)
23,India,Lucknow,SACHDEVA MEDICAL STORES,,,,,9415425996,https://maps.app.goo.gl/AFuuhnb64qJoRAt88,Pharmacy,4.4,171,Pharmacy,0.15,23,3,0.15000000000000027,Low Probability (Priority 3)
24,India,Lucknow,Anuj Medicals,,,,,7398951960,https://maps.app.goo.gl/RKG9c9JhXiFJGTtx7,Pharmacy,4.9,85,Pharmacy,0.15,13,2,0.15000000000000024,Low Probability (Priority 3)
25,India,Lucknow,Nirmala medical store,,,,,9839108070,https://maps.app.goo.gl/frsVWbfV96yfbUWF7,Pharmacy,4.5,71,Pharmacy,0.15,21,3,0.15000000000000027,Low Probability (Priority 3)
26,India,Lucknow,Anshu Medical Store,,,,,9389812289,https://maps.app.goo.gl/bHUXrRLsucc9XXCn7,Pharmacy,3.8,54,Pharmacy,0.15,19,3,0.15000000000000027,Low Probability (Priority 3)
27,India,Lucknow,MEDICINE HOUSE,,,,,7408214444,https://maps.app.goo.gl/UZUchN6fm1TKEuWY6,Pharmacy,4.1,54,Pharmacy,0.15,14,2,0.15000000000000024,Low Probability (Priority 3)
28,India,Lucknow,Universal Medical Store,,,,,8419075786,https://maps.app.goo.gl/HFf13V4A8E7P1mR58,Pharmacy,4.5,24,Pharmacy,0.15,23,3,0.15000000000000027,Low Probability (Priority 3)
29,India,Lucknow,Ashtang Medicine Mall,,,,,5224068374,https://maps.app.goo.gl/KvKR3ZquYniyomrb6,Pharmacy,4.6,33,Pharmacy,0.15,21,3,0.15000000000000027,Low Probability (Priority 3)
30,India,Lucknow,Mini Medical,,,,,9984232499,https://maps.app.goo.gl/Cncz5ccckRYJwSZy7,Pharmacy,5.0,4,Pharmacy,0.15,12,2,0.15000000000000024,Low Probability (Priority 3)
31,India,Lucknow,Ashi Medical Store,,,,,9415086495,https://maps.app.goo.gl/MDYUxT4snnxenws18,Pharmacy,4.8,21,Pharmacy,0.15,18,3,0.15000000000000027,Low Probability (Priority 3)
32,India,Lucknow,Gani medical store,,,,,6386395701,https://maps.app.goo.gl/rmYs6yEBiaoBL58q9,Pharmacy,5.0,23,Pharmacy,0.15,18,3,0.15000000000000027,Low Probability (Priority 3)
33,India,Lucknow,DR. PUSHPLATA PHARMACY,,,,,9151778888,https://maps.app.goo.gl/ZyPzrULx1MLcovEJ8,Pharmacy,3.9,83,Pharmacy,0.15,22,3,0.15000000000000027,Low Probability (Priority 3)
34,India,Lucknow,Nirala Medical Store,,,,,9918858222,https://maps.app.goo.gl/usXKu7wZoNXa4RJU8,Pharmacy,3.8,116,Pharmacy,0.15,20,3,0.15000000000000027,Low Probability (Priority 3)
35,India,Lucknow,Popular Medicines,,,,,5224043245,https://maps.app.goo.gl/QkSgQsQW6eALbCGq5,Pharmacy,4.4,9,Pharmacy,0.15,17,2,0.15000000000000027,Low Probability (Priority 3)
36,India,Lucknow,Medi99 | Online Pharmacy | Medical store | Lucknow,,,,,9161633499,https://maps.app.goo.gl/shnWCrSFoBxKWcqE9,Pharmacy,4.5,11,Pharmacy,0.15,50,9,0.15000000000000027,Low Probability (Priority 3)
37,India,Lucknow,Rishabh Medical Store,,,,,7270075920,https://maps.app.goo.gl/jQPpds4zfikgE1c5A,Pharmacy,4.9,79,Pharmacy,0.15,21,3,0.15000000000000027,Low Probability (Priority 3)
38,India,Lucknow,Abha Medical Store,,,,,5222638266,https://maps.app.goo.gl/PUjWLajarpvgnGqP9,Pharmacy,4.5,15,Pharmacy,0.15,18,3,0.15000000000000027,Low Probability (Priority 3)
39,India,Lucknow,Mohan Medical Hall,,,,,9936171731,https://maps.app.goo.gl/1uLJP4erCsEjCbMd6,Pharmacy,4.8,91,Pharmacy,0.15,18,3,0.15000000000000027,Low Probability (Priority 3)
40,USA,New York,M & R Medical Supplies,,,,,17187140822,https://maps.app.goo.gl/g9RMzmWTWEuE1PSN9,Pharmacy,5.0,6,Pharmacy,0.15,22,5,0.15000000000000027,Low Probability (Priority 3)
41,USA,New York,Rite Way Drugs,,,,,12127776864,https://maps.app.goo.gl/aTvTHNt9bA5fmBAe9,Pharmacy,5.0,50,Pharmacy,0.15,14,3,0.15000000000000024,Low Probability (Priority 3)
42,USA,New York,N & L Medical Supply Inc,,,,,17182329077,https://maps.app.goo.gl/HezBKeBy68i2pE6T6,Pharmacy,3.0,12,Pharmacy,0.15,24,6,0.15000000000000027,Low Probability (Priority 3)
43,USA,New York,Medicine Plus Pharmacy,,,,,12127058717,https://maps.app.goo.gl/CsAEDguBHZGFiHQP6,Pharmacy,4.1,78,Pharmacy,0.15,22,3,0.15000000000000027,Low Probability (Priority 3)
44,USA,New York,Slope Drugs & Surgical Supply,,,,,17187888899,https://maps.app.goo.gl/FsvtpMXYpY3Jrcmt9,Pharmacy,2.9,52,Pharmacy,0.15,29,5,0.15000000000000027,Low Probability (Priority 3)
45,USA,New York,Block Drug Store,,,,,12124731587,https://maps.app.goo.gl/45hhNy6bHoTqzG929,Pharmacy,4.7,26,Pharmacy,0.15,16,3,0.15000000000000027,Low Probability (Priority 3)
46,USA,New York,The Somerset Garage,,,,,12126500911,https://maps.app.goo.gl/jVkBQSgrtuf3gqJRA,Garage,3.7,28,Garage,0.15,19,3,0.15000000000000024,Low Probability (Priority 3)
47,USA,New York,Model Garage Inc,,,,,17188719200,https://maps.app.goo.gl/RXjdq8D4BvSQjY1r6,Garage,4.7,3,Garage,0.15,16,3,0.15000000000000024,Low Probability (Priority 3)
48,USA,New York,The 1345 Garage,,,,,12122458708,https://maps.app.goo.gl/Ys6fuFMtijcevnAC7,Garage,2.3,37,Garage,0.15,15,3,0.15000000000000024,Low Probability (Priority 3)
49,USA,New York,45 Garage,,,,,12122650774,https://maps.app.goo.gl/wa3uAPfebF1hxhZS8,Garage,2.6,93,Garage,0.15,9,2,0.15000000000000024,Low Probability (Priority 3)
50,USA,New York,Meyers Parking: MP Alyn Garage,,,,,16468239289,https://maps.app.goo.gl/K447TNTzTokUA7rc8,Garage,3.9,14,Garage,0.15,30,5,0.15700000000000025,Low Probability (Priority 3)
51,USA,New York,Icon Parking Garage,,,,,18777275464,https://maps.app.goo.gl/e5mc5NEyzjbqz31RA,Garage,3.0,97,Garage,0.15,19,3,0.15000000000000024,Low Probability (Priority 3)
52,USA,New York,AZ Parking,,,,,12125484370,https://maps.app.goo.gl/quEJ2tfDWBUKViut6,Garage,4.5,162,Garage,0.15,10,2,0.15000000000000024,Low Probability (Priority 3)
53,USA,New York,AstorTerrace Garage,,,,,12127220066,https://maps.app.goo.gl/9uCm4jC7Q2qHkrmq9,Garage,4.7,10,Garage,0.15,19,2,0.15000000000000024,Low Probability (Priority 3)
54,USA,New York,Barrow Street Garage LLC,,,,,12122429791,https://maps.app.goo.gl/197YRXHqCadzhMuHA,Garage,3.2,38,Garage,0.15,24,4,0.15000000000000024,Low Probability (Priority 3)
55,India,Lucknow,Ashirwad Medical Store,,,,,7347867373,https://maps.app.goo.gl/i62fbrymDr2ywgAs9,Pharmacy,3.3,24,Pharmacy,0.15,22,3,0.15000000000000027,Low Probability (Priority 3)
56,India,Lucknow,Om Medical Store,,,,,7081285540,https://maps.app.goo.gl/KCtAogUL9paaXwb1A,Pharmacy,3.8,53,Pharmacy,0.15,16,3,0.15000000000000027,Low Probability (Priority 3)
57,India,Lucknow,Medicine Mart,,,,,9936778598,https://maps.app.goo.gl/S5SvDJVRwUD4jY1JA,Pharmacy,4.6,29,Pharmacy,0.15,13,2,0.15000000000000024,Low Probability (Priority 3)
58,India,Lucknow,Shukla Medical Store,,,,,9839628426,https://maps.app.goo.gl/9QQz9yYaqorifrxK6,Pharmacy,4.1,7,Pharmacy,0.15,20,3,0.15000000000000027,Low Probability (Priority 3)
59,India,Lucknow,New Life Pharmacy,,,,,8934029404,https://maps.app.goo.gl/YE4roBCuiiF8dqG68,Pharmacy,4.0,6,Pharmacy,0.15,17,3,0.15000000000000027,Low Probability (Priority 3)
60,India,Lucknow,Jyotirmay Dental Health Care Centre,,,,,8299296398,https://maps.app.goo.gl/Gfifr5u1wPCaJgJd6,Pharmacy,4.2,32,Pharmacy,0.15,35,5,0.15000000000000027,Low Probability (Priority 3)
61,India,Lucknow,Dr. Arpit Gupta,,,,,6392701509,https://maps.app.goo.gl/9i9PJaGa1Pcj6XmM7,Pharmacy,4.9,181,Pharmacy,0.15,15,3,0.15000000000000024,Low Probability (Priority 3)
62,India,Lucknow,Jio Medical,,,,,9984417630,https://maps.app.goo.gl/56uSn3DNXL8Vatxx7,Pharmacy,5.0,2,Pharmacy,0.15,11,2,0.15000000000000024,Low Probability (Priority 3)
63,India,Lucknow,BOUNCE BACK PHYSIOTHERAPY,,,,,9554997653,https://maps.app.goo.gl/qERXRsREvXWFaEvw9,Pharmacy,4.9,63,Pharmacy,0.15,25,3,0.15000000000000027,Low Probability (Priority 3)
64,India,Lucknow,Vatsalya Clinic Dr. S.K Rai,,,,,9198595255,https://maps.app.goo.gl/qC8LoaP2qSVdkPuBA,Pharmacy,4.2,179,Pharmacy,0.15,27,5,0.15000000000000027,Low Probability (Priority 3)
65,India,Lucknow,CENTRAL AGENCIES,,,,,9838179666,https://maps.app.goo.gl/59cM2ovhQFrRqeYu7,Pharmacy,5.0,6,Pharmacy,0.15,16,2,0.15000000000000027,Low Probability (Priority 3)
66,India,Lucknow,BLUENECK HOSPITEC LLP,,,,,9307055555,https://maps.app.goo.gl/VwAu5bggYmEte2p17,Pharmacy,3.7,6,Pharmacy,0.15,21,3,0.15000000000000027,Low Probability (Priority 3)
67,India,Lucknow,Maa Vaishno Medical Store,,,,,5224236566,https://maps.app.goo.gl/hMZSxEShQfdTNh7V7,Pharmacy,4.6,11,Pharmacy,0.15,25,4,0.15000000000000027,Low Probability (Priority 3)
68,India,Lucknow,A.S.Medical Store,,,,,8707605386,https://maps.app.goo.gl/Mbyhtkk8skYYiN1q8,Pharmacy,3.6,5,Pharmacy,0.15,17,2,0.15000000000000027,Low Probability (Priority 3)
69,India,Lucknow,Tejas Pharmacy & Surgical Store,,,,,9519727481,https://maps.app.goo.gl/2SgwR23P63Bd9Trz8,Pharmacy,5.0,137,Pharmacy,0.15,31,5,0.15000000000000027,Low Probability (Priority 3)
70,USA,New York,Select Garages - 9 Park Ave. Garage,,,,,19174091992,https://maps.app.goo.gl/dGP4GdMrgUUd24TP7,Garage,1.2,25,Garage,0.15,35,7,0.15700000000000025,Low Probability (Priority 3)
71,USA,New York,79-80 Garage Corporation,,,,,19177451148,https://maps.app.goo.gl/BsqUNhm3QBcC9PLn7,Garage,3.3,19,Garage,0.15,24,3,0.15000000000000024,Low Probability (Priority 3)
72,USA,New York,MTP Park,,,,,12123682579,https://maps.app.goo.gl/2LTdFkXrpxMxFPERA,Garage,2.8,5,Garage,0.15,8,2,0.15000000000000024,Low Probability (Priority 3)
73,USA,New York,NYC Parking at CBS Building@ 31 W 52nd St,,,,,18008366666,https://maps.app.goo.gl/zYkMJDsUC4iqpAjv7,Garage,3.6,40,Garage,0.15,41,9,0.15700000000000025,Low Probability (Priority 3)
74,USA,New York,Manhattan Garage Door Repair Inc,,,,,13323319247,https://maps.app.goo.gl/sLfAn588HbQWJpV57,Garage,5.0,13,Garage,0.15,32,5,0.15700000000000025,Low Probability (Priority 3)
75,India,Lucknow,Fine Medical Store,,,,,9919524137,https://maps.app.goo.gl/RKNF15HCVty8jory8,Pharmacy,3.8,28,Pharmacy,0.15,18,3,0.15000000000000027,Low Probability (Priority 3)
76,India,Lucknow,Gomti Medical Store,,,,,9415104223,https://maps.app.goo.gl/A8yfhyUFYDRn88Sm6,Pharmacy,4.4,12,Pharmacy,0.15,19,3,0.15000000000000027,Low Probability (Priority 3)
77,India,Lucknow,BALAJI MEDICALS,,,,,8081758681,https://maps.app.goo.gl/DdihNnVqnqBeahwW6,Pharmacy,4.3,14,Pharmacy,0.15,15,2,0.15000000000000024,Low Probability (Priority 3)
78,India,Lucknow,Vinayak Medicare Hospital,,,,,9721050077,https://maps.app.goo.gl/JHnpWDgSJXyPiaxB7,Pharmacy,4.3,285,Pharmacy,0.15,25,3,0.15000000000000027,Low Probability (Priority 3)
79,India,Lucknow,Agarwal General Store,,,,,9451197467,https://maps.app.goo.gl/MQ7P8YbDAftJptha9,General Store,3.8,311,General Store,0.55,21,3,0.549999999999999,Medium Probability (Priority 2)
80,India,Lucknow,Prabhu Dayal Provision Store,,,,,9044666666,https://maps.app.goo.gl/VZLeYSocaZvi34rA7,General Store,4.1,500,General Store,0.55,28,4,0.549999999999999,Medium Probability (Priority 2)
81,India,Lucknow,Ganpati General Store,,,,,6394064977,https://maps.app.goo.gl/LaETxPhBRTNMm8gG7,General Store,4.2,109,General Store,0.55,21,3,0.549999999999999,Medium Probability (Priority 2)
82,India,Lucknow,Vijay General Store,,,,,8318681494,https://maps.app.goo.gl/h3Pq3yVjwdgtUjFJ6,General Store,4.6,10,General Store,0.55,19,3,0.549999999999999,Medium Probability (Priority 2)
83,India,Lucknow,ARYA MART,,,,,9807255215,https://maps.app.goo.gl/wbA9gryizMWnQtjb6,General Store,4.1,490,General Store,0.55,9,2,0.549999999999999,Medium Probability (Priority 2)
84,India,Lucknow,Ajay Super Store,,,,,9415919651,https://maps.app.goo.gl/56uLnH9PcqFhu3Ww9,General Store,4.2,383,General Store,0.55,16,3,0.549999999999999,Medium Probability (Priority 2)
85,India,Lucknow,SAHU GENERAL STORE,,,,,9918391660,https://maps.app.goo.gl/wptQJDBKo7tC7L4R8,General Store,4.2,93,General Store,0.55,18,3,0.549999999999999,Medium Probability (Priority 2)
86,India,Lucknow,S.L Departmental Store,,,,,5222304184,https://maps.app.goo.gl/2LDU72bgKZLvmGTj8,General Store,3.9,401,General Store,0.55,22,3,0.549999999999999,Medium Probability (Priority 2)
87,India,Lucknow,Zain General Store,,,,,9889339393,https://maps.app.goo.gl/YneA4FF1jhaUt55B8,General Store,4.8,5,General Store,0.55,18,3,0.549999999999999,Medium Probability (Priority 2)
88,India,Lucknow,Sanjay Store,,,,,9919379466,https://maps.app.goo.gl/vQJ7eVKJ24R2eKJV6,General Store,3.8,212,General Store,0.55,12,2,0.549999999999999,Medium Probability (Priority 2)
89,India,Lucknow,Shyam General Store,,,,,9839703487,https://maps.app.goo.gl/G5kAV5PPHoegSQdB7,General Store,4.6,15,General Store,0.55,19,3,0.549999999999999,Medium Probability (Priority 2)
90,USA,New York,4-Garage,,,,,19184427243,https://maps.app.goo.gl/WzwzEXQY2ZoRH7pY8,Garage,5.0,10,Garage,0.15,8,1,0.15000000000000024,Low Probability (Priority 3)
91,USA,New York,SFG Garage,,,,,12122498960,https://maps.app.goo.gl/xzTF4X6YrxPkoC5t8,Garage,1.9,8,Garage,0.15,10,2,0.15000000000000024,Low Probability (Priority 3)
92,USA,New York,86. Parking Garage Corp.,,,,,17186398129,https://maps.app.goo.gl/QYAcqpRcYNUMChMr6,Garage,3.8,28,Garage,0.15,24,4,0.15000000000000024,Low Probability (Priority 3)
93,USA,New York,RL Mercer Street LLC,,,,,12122193413,https://maps.app.goo.gl/2JzxWoUAnkF171yz6,Garage,3.1,17,Garage,0.15,20,4,0.15000000000000024,Low Probability (Priority 3)
94,USA,New York,Parking,,,,,12123217500,https://maps.app.goo.gl/PvBcjviEDLuxCP3KA,Garage,3.6,26,Garage,0.15,7,1,0.15000000000000024,Low Probability (Priority 3)
95,India,Lucknow,Gurpreet Bakers,,,,,8808790704,https://maps.app.goo.gl/q6jTvwsWxW7TTFJeA,Cake Shop,4.6,7,Cake Shop,0.55,15,2,0.549999999999999,Medium Probability (Priority 2)
96,India,Lucknow,Essence & General Supplies,,,,,9415479060,https://maps.app.goo.gl/F8tK9hkQEG2WWPM39,Cake Shop,4.0,62,Cake Shop,0.55,26,4,0.549999999999999,Medium Probability (Priority 2)
97,India,Lucknow,S M Bakery,,,,,9389131446,https://maps.app.goo.gl/p5siA6LFyDgwpjqv6,Cake Shop,2.8,11,Cake Shop,0.55,10,3,0.549999999999999,Medium Probability (Priority 2)
98,India,Lucknow,IamGroot.in,,,,,8299803513,https://maps.app.goo.gl/xVgiX6PVeQwJFFMn9,Cake Shop,2.5,44,Cake Shop,0.55,11,1,0.549999999999999,Medium Probability (Priority 2)
99,India,Lucknow,New Jon Bakers,,,,,9648847747,https://maps.app.goo.gl/iUG2bzgzJi79AJVJ6,Cake Shop,4.3,15,Cake Shop,0.55,14,3,0.549999999999999,Medium Probability (Priority 2)
100,India,Lucknow,Bread Smith Bakery (Pure Veg),,,,,5224002552,https://maps.app.goo.gl/rVmMcUmL29mr7ncC8,Cake Shop,4.3,419,Cake Shop,0.55,29,5,0.549999999999999,Medium Probability (Priority 2)
101,India,Lucknow,Modern Bakery,,,,,9336383722,https://maps.app.goo.gl/K2VQw26SGWpvXiEm9,Cake Shop,4.2,550,Cake Shop,0.55,13,2,0.549999999999999,Medium Probability (Priority 2)
102,India,Lucknow,Aone Bakery,,,,,9235404869,https://maps.app.goo.gl/2jvbcXwEsGKPAHL58,Cake Shop,4.9,146,Cake Shop,0.55,11,2,0.549999999999999,Medium Probability (Priority 2)
103,India,Lucknow,Butter Story,,,,,8874474455,https://maps.app.goo.gl/CXPq8x649kh8iwZj8,Cake Shop,4.0,1920,Cake Shop,0.55,12,2,0.549999999999999,Medium Probability (Priority 2)
104,India,Lucknow,Cake Crumbs The home made cakes,,,,,9170026504,https://maps.app.goo.gl/XJ6owUw26tjsmy1t9,Cake Shop,5.0,37,Cake Shop,0.55,31,6,0.549999999999999,Medium Probability (Priority 2)
105,India,Lucknow,R S bakery,,,,,7607491101,https://maps.app.goo.gl/A8WPn23LLevEehMG8,Cake Shop,4.9,97,Cake Shop,0.55,10,3,0.549999999999999,Medium Probability (Priority 2)
106,India,Lucknow,Winni Cakes & More,,,,,8174943200,https://maps.app.goo.gl/fPsN8ACEcUQc4Bpb7,Cake Shop,4.5,104,Cake Shop,0.55,18,4,0.549999999999999,Medium Probability (Priority 2)
107,India,Lucknow,Yummy Baker's & Confectioners,,,,,8318846600,https://maps.app.goo.gl/Dbtzbys5wWtjggn97,Cake Shop,4.7,85,Cake Shop,0.55,29,4,0.549999999999999,Medium Probability (Priority 2)
108,India,Lucknow,Celebration bakery & cafe,,,,,7007786520,https://maps.app.goo.gl/H2q4Lp4jFQjuu8Nf6,Cake Shop,4.9,34,Cake Shop,0.55,25,4,0.549999999999999,Medium Probability (Priority 2)
109,USA,New York,Eddies Tailor Shop,,,,,12127220762,https://maps.app.goo.gl/1ESn5BX3ArcJ1BSSA,Tailor,4.0,5,Tailor,0.55,18,3,0.549999999999999,Medium Probability (Priority 2)
110,USA,New York,Leonalterations,,,,,13476831124,https://maps.app.goo.gl/nB7mK7qpmDxMKnwL6,Tailor,4.5,23,Tailor,0.55,15,1,0.549999999999999,Medium Probability (Priority 2)
111,USA,New York,Michael Tailor Shop,,,,,12123962210,https://maps.app.goo.gl/7h6bMfWzw2pGAjCCA,Tailor,3.9,7,Tailor,0.55,19,3,0.549999999999999,Medium Probability (Priority 2)
112,USA,New York,Pak's Tailor,,,,,12122886035,https://maps.app.goo.gl/wNCCaFrba6RjNLHf9,Tailor,4.1,15,Tailor,0.55,12,2,0.549999999999999,Medium Probability (Priority 2)
113,USA,New York,Ely Custom Tailors,,,,,16465245166,https://maps.app.goo.gl/EACbVy89XByJGQdRA,Tailor,4.1,30,Tailor,0.55,18,3,0.549999999999999,Medium Probability (Priority 2)
114,India,Lucknow,Goel General Store,,,,,5222611484,https://maps.app.goo.gl/grrXXfaY1uyCbcsy5,General Store,3.9,37,General Store,0.55,18,3,0.549999999999999,Medium Probability (Priority 2)
115,India,Lucknow,Shiv Shankar General Store,,,,,9918330786,https://maps.app.goo.gl/ieFFtgXyY1A7RbTN9,General Store,4.2,31,General Store,0.55,26,4,0.549999999999999,Medium Probability (Priority 2)
116,India,Lucknow,New Lucknow store,,,,,8881999204,https://maps.app.goo.gl/TAVMet4JKXqkLSEy5,General Store,4.4,28,General Store,0.55,17,3,0.549999999999999,Medium Probability (Priority 2)
117,India,Lucknow,NANDI STORE,,,,,8960367600,https://maps.app.goo.gl/vkoLFjAGaCXzL6zy7,General Store,3.9,170,General Store,0.55,11,2,0.549999999999999,Medium Probability (Priority 2)
118,India,Lucknow,Shariq General Store,,,,,9005680925,https://maps.app.goo.gl/SwrA5ZcB5FidQSLc8,General Store,4.1,58,General Store,0.55,20,3,0.549999999999999,Medium Probability (Priority 2)
119,India,Lucknow,Sahul General Store,,,,,7524823140,https://maps.app.goo.gl/Tytywporv6e9L9qJ8,General Store,5.0,1,General Store,0.55,19,3,0.549999999999999,Medium Probability (Priority 2)
120,India,Lucknow,Sagar General Store,,,,,8808042916,https://maps.app.goo.gl/51RHJ8f66GdxhXgs9,General Store,4.4,34,General Store,0.55,19,3,0.549999999999999,Medium Probability (Priority 2)
121,India,Lucknow,Maa Santoshi D Store,,,,,9369233881,https://maps.app.goo.gl/TvqHZpg1UKcyHJyA8,General Store,4.8,140,General Store,0.55,20,4,0.549999999999999,Medium Probability (Priority 2)
122,India,Lucknow,Daily Shopee,,,,,7408423070,https://maps.app.goo.gl/KDa9JrLdtwsTVVvUA,General Store,4.3,636,General Store,0.55,12,2,0.549999999999999,Medium Probability (Priority 2)
123,India,Lucknow,Naman general store,,,,,8467889406,https://maps.app.goo.gl/foFGV417Wxnueri59,General Store,5.0,5,General Store,0.55,19,3,0.549999999999999,Medium Probability (Priority 2)
124,India,Lucknow,S.General Store,,,,,9935565591,https://maps.app.goo.gl/GsQSibh1jXJxbPCw6,General Store,4.1,12,General Store,0.55,15,2,0.549999999999999,Medium Probability (Priority 2)
125,India,Lucknow,Kapoor general store,,,,,9580521078,https://maps.app.goo.gl/U59zpX9GZZAB3h3j8,General Store,5.0,6,General Store,0.55,20,3,0.549999999999999,Medium Probability (Priority 2)
126,India,Lucknow,General Store,,,,,7905648432,https://maps.app.goo.gl/R1Hie8yW7bZTTdHK8,General Store,5.0,2,General Store,0.55,13,2,0.549999999999999,Medium Probability (Priority 2)
127,India,Lucknow,Devanshi General Store,,,,,8574230207,https://maps.app.goo.gl/pKHeNasBhVmKR33PA,General Store,5.0,4,General Store,0.55,22,3,0.549999999999999,Medium Probability (Priority 2)
128,India,Lucknow,Jai Shri General Store,,,,,6392201178,https://maps.app.goo.gl/tUn82nLchDJ9PnCh9,General Store,5.0,2,General Store,0.55,22,4,0.549999999999999,Medium Probability (Priority 2)
129,USA,New York,UNI 28,,,,,13476009073,https://maps.app.goo.gl/qn6M7nXQ3LdAEt497,Home Goods Store,4.6,19,Home Goods Store,0.55,6,2,0.549999999999999,Medium Probability (Priority 2)
130,USA,New York,Yùnhóng Chopsticks,,,,,12122330288,https://maps.app.goo.gl/fjioowMvrDhzPpEu7,Home Goods Store,4.6,121,Home Goods Store,0.55,18,2,0.549999999999999,Medium Probability (Priority 2)
131,USA,New York,Zee Smoke & Convenience inc,,,,,16468959312,https://maps.app.goo.gl/C9cdn77fWRqoD29r7,General Store,4.0,42,General Store,0.55,27,5,0.549999999999999,Medium Probability (Priority 2)
132,USA,New York,Shopping Girlfriend NYC,,,,,19178252564,https://maps.app.goo.gl/3Z7y8Fhcr4AjuDnd8,Beauty Salon ,5.0,5,Beauty Salon,0.85,23,3,0.8499999999999993,High Probability (Priority 1)
133,USA,New York,Yamadaya,,,,,16466092199,https://maps.app.goo.gl/c87esYVzxAdXofpD9,Grocery Store,4.8,250,Grocery Store,0.55,8,1,0.549999999999999,Medium Probability (Priority 2)
134,India,Lucknow,VR UNISEX SALON,,,,,9721000839,https://maps.app.goo.gl/7bG729yFDy8Dquzv5,Beauty Salon ,4.9,504,Beauty Salon,0.85,15,3,0.8499999999999993,High Probability (Priority 1)
135,India,Lucknow,The London,,,,,8885762957,https://maps.app.goo.gl/LnWJe9qFZrGnZbAm7,Beauty Salon ,4.8,66,Beauty Salon,0.85,10,2,0.8499999999999993,High Probability (Priority 1)
136,India,Lucknow,Xatisfy Men Salon,,,,,9120169074,https://maps.app.goo.gl/oJ2mcdd7aV6b9UBPA,Beauty Salon ,4.9,313,Beauty Salon,0.85,17,3,0.8499999999999993,High Probability (Priority 1)
137,India,Lucknow,The Invite Unisex Salon,,,,,7860314702,https://maps.app.goo.gl/6mGD57hiS71bpX9u9,Beauty Salon ,4.9,192,Beauty Salon,0.85,23,4,0.8499999999999993,High Probability (Priority 1)
138,India,Lucknow,Super Style Salon,,,,,8707208110,https://maps.app.goo.gl/5HboY2v6uKWC16y29,Beauty Salon ,4.9,121,Beauty Salon,0.85,17,3,0.8499999999999993,High Probability (Priority 1)
139,India,Lucknow,Infinity Salon Lucknow,,,,,9140942123,https://maps.app.goo.gl/gBe6YrL7SGCF318m8,Beauty Salon ,4.5,552,Beauty Salon,0.85,22,3,0.8499999999999993,High Probability (Priority 1)
140,India,Lucknow,The client chair beauty salon,,,,,9696294296,https://maps.app.goo.gl/XgTYdaGrEx6fqsAu7,Beauty Salon ,4.9,66,Beauty Salon,0.85,29,5,0.8499999999999993,High Probability (Priority 1)
141,India,Lucknow,Get Beauty Salon,,,,,6394333919,https://maps.app.goo.gl/97BiekZKyXQzMJJi7,Beauty Salon ,4.7,81,Beauty Salon,0.85,16,3,0.8499999999999993,High Probability (Priority 1)
142,India,Lucknow,Your salon office,,,,,9140510184,https://maps.app.goo.gl/mKBQkSiMZdwSUpW86,Beauty Salon ,5.0,29,Beauty Salon,0.85,17,3,0.8499999999999993,High Probability (Priority 1)
143,India,Lucknow,Glow N Glam,,,,,9919736852,https://maps.app.goo.gl/hbAMYBHfA6r6Fkr46,Beauty Salon ,4.6,221,Beauty Salon,0.85,11,3,0.8499999999999993,High Probability (Priority 1)
144,India,Lucknow,Smriti Makeovers & Salon,,,,,9005379640,https://maps.app.goo.gl/Niebe8kvJMLAUbya6,Beauty Salon ,5.0,81,Beauty Salon,0.85,24,4,0.8499999999999993,High Probability (Priority 1)
145,India,Lucknow,Salon De Beaute,,,,,7499413643,https://maps.app.goo.gl/W18Kd3H9ZbDch8DJ9,Beauty Salon ,4.9,101,Beauty Salon,0.85,15,3,0.8499999999999993,High Probability (Priority 1)
146,India,Lucknow,Noor Men's salon,,,,,9807193717,https://maps.app.goo.gl/9ihRAdderwHhXkdUA,Beauty Salon ,4.8,216,Beauty Salon,0.85,16,3,0.8499999999999993,High Probability (Priority 1)
147,India,Lucknow,Mini Bridal Studio,,,,,6392777848,https://maps.app.goo.gl/yAJGLpJPNnbgrrih9,Beauty Salon ,4.4,16,Beauty Salon,0.85,18,3,0.8499999999999993,High Probability (Priority 1)
148,India,Lucknow,B4 party salon,,,,,9839660706,https://maps.app.goo.gl/ds9YAhWiKtyVKb689,Beauty Salon ,4.9,99,Beauty Salon,0.85,14,3,0.8499999999999993,High Probability (Priority 1)
149,USA,New York,S & N Discount Inc,,,,,12127222680,https://maps.app.goo.gl/EZMfZrvHzmT3FK1m6,General Store,4.3,114,General Store,0.55,18,5,0.549999999999999,Medium Probability (Priority 2)
150,USA,New York,NYC Wine Merchants,,,,,12124144300,https://maps.app.goo.gl/CqEbtZhV8y1mQKqy7,Wine Store,3.7,38,Wine Store,0.55,18,3,0.549999999999999,Medium Probability (Priority 2)
151,USA,New York,The Manhattan Wine Shop,,,,,12122219463,https://maps.app.goo.gl/gvheLsQEEs1UjpW18,Wine Store,4.1,160,Wine Store,0.55,23,4,0.549999999999999,Medium Probability (Priority 2)
152,USA,New York,The Wine Shop,,,,,12126855151,https://maps.app.goo.gl/7pUYT7tWqhG7QUs86,Wine Store,4.1,45,Wine Store,0.55,13,3,0.549999999999999,Medium Probability (Priority 2)
153,USA,New York,Chelsea Wine Cellar Inc,,,,,12126751813,https://maps.app.goo.gl/pufYMAVjBvWetAGu8,Wine Store,4.5,65,Wine Store,0.55,23,4,0.549999999999999,Medium Probability (Priority 2)
154,India,Lucknow,Krishna general store,,,,,6393973428,https://maps.app.goo.gl/FvcNQMJSpgww2Hv7A,General Store,5.0,4,General Store,0.55,21,3,0.549999999999999,Medium Probability (Priority 2)
155,India,Lucknow,Goel General Store,,,,,9450110621,https://maps.app.goo.gl/xBF6RpzPfLdQwkNF8,General Store,5.0,1,General Store,0.55,18,3,0.549999999999999,Medium Probability (Priority 2)
156,India,Lucknow,Chaurasia General Store,,,,,8564888944,https://maps.app.goo.gl/pqDpSkanN4e7VC788,General Store,4.0,18,General Store,0.55,23,3,0.549999999999999,Medium Probability (Priority 2)
157,India,Lucknow,Shivansh General Store,,,,,8565902920,https://maps.app.goo.gl/S8HFw67fa7vecWFX8,General Store,3.8,51,General Store,0.55,22,3,0.549999999999999,Medium Probability (Priority 2)
158,India,Lucknow,Shree Ji General Store,,,,,9659533423,https://maps.app.goo.gl/WH6FUWkJgH31Wt3v5,General Store,5.0,1,General Store,0.55,22,4,0.549999999999999,Medium Probability (Priority 2)
159,India,Lucknow,SIDDHARTH GENERAL STORE,,,,,8565065134,https://maps.app.goo.gl/HFJ5HuYiQwcynV218,General Store,4.9,24,General Store,0.55,23,3,0.549999999999999,Medium Probability (Priority 2)
160,India,Lucknow,General Store,,,,,9415577246,https://maps.app.goo.gl/8MSaPeXj9U9Nv9z2A,General Store,4.3,15,General Store,0.55,13,2,0.549999999999999,Medium Probability (Priority 2)
161,India,Lucknow,R.S General Store,,,,,9305265921,https://maps.app.goo.gl/KBGUaph3xW5YxFxL9,General Store,5.0,4,General Store,0.55,17,3,0.549999999999999,Medium Probability (Priority 2)
162,India,Lucknow,Anand General Store (lala ji ki dukan ),,,,,9453836171,https://maps.app.goo.gl/wrzSq3AgwqTW5VXc8,General Store,4.8,5,General Store,0.55,39,8,0.549999999999999,Medium Probability (Priority 2)
163,India,Lucknow,Kapoor General Store,,,,,9795518366,https://maps.app.goo.gl/efghyper893HRvwb7,General Store,5.0,2,General Store,0.55,20,3,0.549999999999999,Medium Probability (Priority 2)
164,India,Lucknow,Ma Vaishno General Store,,,,,9198038319,https://maps.app.goo.gl/Y4WVcF48CYPsvNMP8,General Store,4.4,31,General Store,0.55,24,4,0.549999999999999,Medium Probability (Priority 2)
165,India,Lucknow,R.K Kashyap General Store,,,,,9555133345,https://maps.app.goo.gl/QR4cqRFLmMY3ok516,General Store,4.4,7,General Store,0.55,25,4,0.549999999999999,Medium Probability (Priority 2)
166,India,Lucknow,Milan A Speciality Restaurant,,,,,9936888000,https://maps.app.goo.gl/RqgTZN6mZo8AcgBh8,General Store,4.8,16173,General Store,0.55,29,4,0.549999999999999,Medium Probability (Priority 2)
167,India,Lucknow,Wish Your Dish Multi Cuisine Restaurant,,,,,8874888805,https://maps.app.goo.gl/4V4y8rLYVxZghnY28,Restaurant,4.5,1092,Restaurant,0.85,39,6,0.8499999999999993,High Probability (Priority 1)
168,India,Lucknow,The House 21 | Arabian Restaurant | Chowk | Lucknow,,,,,9919990331,https://maps.app.goo.gl/1Ppd8cV3b4Fm1p1E9,Restaurant,4.3,517,Restaurant,0.85,51,10,0.8499999999999993,High Probability (Priority 1)
169,India,Lucknow,Mantar Restaurant - Lucknow,,,,,8400399594,https://maps.app.goo.gl/7mbsUxP3eY37PbU96,Restaurant,4.7,709,Restaurant,0.85,27,4,0.8499999999999993,High Probability (Priority 1)
170,USA,New York,Windsor Wine Shop,,,,,12127794422,https://maps.app.goo.gl/hryoHK2H3qz26dN98,Wine Store,4.6,66,Wine Store,0.55,17,3,0.549999999999999,Medium Probability (Priority 2)
171,USA,New York,BARRELMORE WINE & SPIRITS,,,,,12126436789,https://maps.app.goo.gl/6t8Q4o9LR9EZcAv56,Wine Store,4.0,135,Wine Store,0.55,25,4,0.549999999999999,Medium Probability (Priority 2)
172,USA,New York,Mark's Wine & Spirits Inc.,,,,,12129621993,https://maps.app.goo.gl/m4U7G5LYLi2P63wk6,Wine Store,4.1,80,Wine Store,0.55,26,5,0.549999999999999,Medium Probability (Priority 2)
173,USA,New York,Spring Street Wine Shop,,,,,12122190521,https://maps.app.goo.gl/zXnWuSi8BLvvwbbLA,Wine Store,3.7,28,Wine Store,0.55,23,4,0.549999999999999,Medium Probability (Priority 2)
174,USA,New York,Vintage On Second (Wine and Liquor Store),,,,,12128288839,https://maps.app.goo.gl/bBcQbMqHTxLoyGnH6,Wine Store,4.5,56,Wine Store,0.55,41,7,0.549999999999999,Medium Probability (Priority 2)
175,India,Lucknow,Mantar Restaurant - Lucknow,,,,,8400399594,https://maps.app.goo.gl/7mbsUxP3eY37PbU96,Restaurant,4.7,709,Restaurant,0.85,27,4,0.8499999999999993,High Probability (Priority 1)
176,India,Lucknow,The House 21 | Arabian Restaurant in Lucknow,,,,,9919990331,https://maps.app.goo.gl/2nCBY6bBpLvegbVt5,Restaurant,4.3,517,Restaurant,0.85,44,8,0.8499999999999993,High Probability (Priority 1)
177,India,Lucknow,City Restaurant | Best Restaurant in Lucknow,,,,,9454363252,https://maps.app.goo.gl/ichyDJ2jqgMKHX2Z6,Restaurant,4.7,84,Restaurant,0.85,44,7,0.8499999999999993,High Probability (Priority 1)
178,India,Lucknow,The Mughal's Dastarkhwan,,,,,5224044777,https://maps.app.goo.gl/6Ma2ruogEqvcwHsb7,Restaurant,4.2,11214,Restaurant,0.85,24,3,0.8499999999999993,High Probability (Priority 1)
179,India,Lucknow,Moti Mahal Restaurant,,,,,5224048101,https://maps.app.goo.gl/NeEvbTGDCA55QnT29,Restaurant,4.2,16289,Restaurant,0.85,21,3,0.8499999999999993,High Probability (Priority 1)
180,India,Lucknow,The Pacific Hut - Family Restaurants in Lucknow,,,,,8318849521,https://maps.app.goo.gl/gq8Jk46RXMJR37Kt5,Restaurant,4.0,625,Restaurant,0.85,47,8,0.8499999999999993,High Probability (Priority 1)
181,India,Lucknow,Royal Sky,,,,,9839023902,https://maps.app.goo.gl/Nauro52Ep9Ksx6P48,Restaurant,4.2,6398,Restaurant,0.85,9,2,0.8499999999999993,High Probability (Priority 1)
182,India,Lucknow,Hons - All day Dining,,,,,9839397979,https://maps.app.goo.gl/QWTrvUPPMqTB1SMq6,Restaurant,4.4,2252,Restaurant,0.85,21,5,0.8499999999999993,High Probability (Priority 1)
183,India,Lucknow,Dine Out City (DOC),,,,,6392502020,https://maps.app.goo.gl/F9FsoccepN8fxVSG7,Restaurant,4.3,322,Restaurant,0.85,19,4,0.8499999999999993,High Probability (Priority 1)
184,India,Lucknow,The Terrace,,,,,9936438000,https://maps.app.goo.gl/AnMjBgcs5yf8a5RB9,Restaurant,4.1,9553,Restaurant,0.85,11,2,0.8499999999999993,High Probability (Priority 1)
185,India,Lucknow,Bagicha - By Dayal Bagh,,,,,9005770888,https://maps.app.goo.gl/CSzVstPSDNLdCmwQ6,Restaurant,4.3,1291,Restaurant,0.85,23,5,0.8499999999999993,High Probability (Priority 1)
186,India,Lucknow,SMALL PARTY WALE,,,,,7800780040,https://maps.app.goo.gl/QAZHK8YLJpUk5GsF6,Restaurant,4.8,10,Restaurant,0.85,16,3,0.8499999999999993,High Probability (Priority 1)
187,India,Lucknow,The Fresh Factory,,,,,8957331424,https://maps.app.goo.gl/tzP5a1PJ4xaizEjB9,Restaurant,4.3,1101,Restaurant,0.85,17,3,0.8499999999999993,High Probability (Priority 1)
188,India,Lucknow,Free Spirit,,,,,8175956711,https://maps.app.goo.gl/WAGF3raXgK14D5PK8,Restaurant,4.3,1558,Restaurant,0.85,11,2,0.8499999999999993,High Probability (Priority 1)
189,India,Lucknow,Best Choice Of Awadh,,,,,7235811114,https://maps.app.goo.gl/EHNcf8pSUF7o2WJY6,Restaurant,4.2,919,Restaurant,0.85,20,4,0.8499999999999993,High Probability (Priority 1)
190,USA,New York,New York Clothing Store,,,,,15486006980,https://maps.app.goo.gl/kibj2N54D31TJUHk6,Clothing Store ,0.0,0,Clothing Store,0.15,23,4,0.19499999999999992,Low Probability (Priority 3)
191,USA,New York,59 Bayard Market,,,,,12126088866,https://maps.app.goo.gl/areTEFdno8VPnn5V7,Grocery Store,4.6,17,Grocery Store,0.55,16,3,0.549999999999999,Medium Probability (Priority 2)
192,USA,New York,Chinatown Building Supply Inc,,,,,12124310099,https://maps.app.goo.gl/wDicK1asnHRc2XUy6,Building Materials Store,4.7,80,Building Materials Store,0.85,29,4,0.6690000000000004,Medium Probability (Priority 2)
193,USA,New York,Chelsea Wine Cellar Inc,,,,,12126751813,https://maps.app.goo.gl/KkTMDF1kW1nyHHxz5,Wine Store,4.5,65,Wine Store,0.55,23,4,0.549999999999999,Medium Probability (Priority 2)
194,USA,New York,Hermès Meatpacking,,,,,12122571600,https://maps.app.goo.gl/Q8MgC11NoCLoAHqA9,Clothing Store ,3.5,264,Clothing Store,0.15,18,2,0.18799999999999994,Low Probability (Priority 3)
195,India,Lucknow,The Marigold- Fine Dine Restaurant,,,,,5224113801,https://maps.app.goo.gl/ktUJrggvkBAWFapg8,Restaurant,3.9,1270,Restaurant,0.85,34,5,0.8499999999999993,High Probability (Priority 1)
196,India,Lucknow,Royal Rangoli Restaurant,,,,,7318254638,https://maps.app.goo.gl/XbboprSC6sEMmY9z5,Restaurant,4.4,869,Restaurant,0.85,24,3,0.8499999999999993,High Probability (Priority 1)
197,India,Lucknow,Barkaas Indo-Arabic Restaurant,,,,,9115005777,https://maps.app.goo.gl/BpTbqEr4B6ZvmakJ8,Restaurant,4.5,5092,Restaurant,0.85,30,3,0.8499999999999993,High Probability (Priority 1)
198,India,Lucknow,FalakNuma Restaurant,,,,,5222620131,https://maps.app.goo.gl/mWViUJKs8Bf5pKFr9,Restaurant,4.0,723,Restaurant,0.85,20,2,0.8499999999999993,High Probability (Priority 1)
199,India,Lucknow,The Centurion,,,,,9119603535,https://maps.app.goo.gl/RLRHGDCR8E5Myrz76,Restaurant,4.1,1690,Restaurant,0.85,13,2,0.8499999999999993,High Probability (Priority 1)
200,India,Lucknow,Lucknow Cakes,,,,,9793115487,https://maps.app.goo.gl/yqC2wGJt7YZoQYPG7,Cake Shop,4.2,245,Cake Shop,0.55,13,2,0.549999999999999,Medium Probability (Priority 2)
201,India,Lucknow,Globe Baker's & Cafe,,,,,8318527077,https://maps.app.goo.gl/MrfAvdVwLDPzqM3t5,Cake Shop,4.4,631,Cake Shop,0.55,20,4,0.549999999999999,Medium Probability (Priority 2)
202,India,Lucknow,Good Bakery,,,,,5224072223,https://maps.app.goo.gl/FyaY9fg4MYmzZF4TA,Cake Shop,4.1,910,Cake Shop,0.55,11,2,0.549999999999999,Medium Probability (Priority 2)
203,India,Lucknow,Shama Bakery,,,,,8182875927,https://maps.app.goo.gl/mHpPAbdXaeDmFJn2A,Cake Shop,4.2,825,Cake Shop,0.55,12,2,0.549999999999999,Medium Probability (Priority 2)
204,India,Lucknow,JJ Bakers,,,,,9235555780,https://maps.app.goo.gl/APm1CMCv3BLGAWYJA,Cake Shop,4.0,"2,175",Cake Shop,0.55,9,2,0.549999999999999,Medium Probability (Priority 2)
205,India,Lucknow,New Brownie Bakery & Confectionery,,,,,9559898355,https://maps.app.goo.gl/qH3XPDtRq4H8szHk8,Cake Shop,4.0,36,Cake Shop,0.55,34,5,0.549999999999999,Medium Probability (Priority 2)
206,India,Lucknow,Silver Spoon Bakers and Cafe (Aishbagh),,,,,5224101530,https://maps.app.goo.gl/YJKk2YKHJMg8LVjB6,Cake Shop,4.1,1148,Cake Shop,0.55,39,6,0.549999999999999,Medium Probability (Priority 2)
207,India,Lucknow,The Cherry Tree Cafe,,,,,7523868301,https://maps.app.goo.gl/UQLBrWnu4Xob1EEC8,Cake Shop,4.4,8497,Cake Shop,0.55,20,4,0.549999999999999,Medium Probability (Priority 2)
208,India,Lucknow,Good Bakery Gomtinagar,,,,,9219906262,https://maps.app.goo.gl/r4f5MGbzJ4MMfCBaA,Cake Shop,4.2,260,Cake Shop,0.55,22,3,0.549999999999999,Medium Probability (Priority 2)
209,India,Lucknow,Durham Bakery,,,,,9565553111,https://maps.app.goo.gl/F3t4iiRuPTXcUGnUA,Cake Shop,3.8,60,Cake Shop,0.55,13,2,0.549999999999999,Medium Probability (Priority 2)
210,USA,New York,Windsor Wine Shop,,,,,12127794422,https://maps.app.goo.gl/hryoHK2H3qz26dN98,Wine Store,4.6,66,Wine Store,0.55,17,3,0.549999999999999,Medium Probability (Priority 2)
211,USA,New York,BARRELMORE WINE & SPIRITS,,,,,12126436789,https://maps.app.goo.gl/6t8Q4o9LR9EZcAv56,Wine Store,4.0,135,Wine Store,0.55,25,4,0.549999999999999,Medium Probability (Priority 2)
212,USA,New York,Mark's Wine & Spirits Inc.,,,,,12129621993,https://maps.app.goo.gl/m4U7G5LYLi2P63wk6,Wine Store,4.1,80,Wine Store,0.55,26,5,0.549999999999999,Medium Probability (Priority 2)
213,USA,New York,Spring Street Wine Shop,,,,,12122190521,https://maps.app.goo.gl/zXnWuSi8BLvvwbbLA,Wine Store,3.7,28,Wine Store,0.55,23,4,0.549999999999999,Medium Probability (Priority 2)
214,USA,New York,Vintage On Second (Wine and Liquor Store),,,,,12128288839,https://maps.app.goo.gl/bBcQbMqHTxLoyGnH6,Wine Store,4.5,56,Wine Store,0.55,41,7,0.549999999999999,Medium Probability (Priority 2)
215,India,Lucknow,No. 10 Bakery - Best bakery In Lucknow,,,,,9235604275,https://maps.app.goo.gl/dqv2WU6xSFGS4EJS7,Cake Shop,4.2,9,Cake Shop,0.55,38,8,0.549999999999999,Medium Probability (Priority 2)
216,India,Lucknow,NICE BAKERY,,,,,8097482510,https://maps.app.goo.gl/UNsrtNT5wggWkhJY6,Cake Shop,4.3,31,Cake Shop,0.55,11,2,0.549999999999999,Medium Probability (Priority 2)
217,India,Lucknow,Apollo Bakery Shop,,,,,9839034133,https://maps.app.goo.gl/ss93NukzhwUkbGGW6,Cake Shop,4.0,36,Cake Shop,0.55,18,3,0.549999999999999,Medium Probability (Priority 2)
218,India,Lucknow,Sugar High Food | Aminabad | Lucknow,,,,,8840136926,https://maps.app.goo.gl/3nGf7tMoy8p2by256,Cake Shop,4.8,22,Cake Shop,0.55,36,7,0.549999999999999,Medium Probability (Priority 2)
219,India,Lucknow,Burma Bakery,,,,,9839018384,https://maps.app.goo.gl/qCqY4imswcPLrVvK9,Cake Shop,3.8,219,Cake Shop,0.55,12,2,0.549999999999999,Medium Probability (Priority 2)
220,India,Lucknow,Sweet Luscious,,,,,5224010785,https://maps.app.goo.gl/Nbd7HTETtWZ5fr2q8,Cake Shop,3.8,151,Cake Shop,0.55,14,2,0.549999999999999,Medium Probability (Priority 2)
221,India,Lucknow,Sunny Bakery,,,,,7985938863,https://maps.app.goo.gl/29JV5JB6rjyWHyxQA,Cake Shop,4.3,36,Cake Shop,0.55,12,2,0.549999999999999,Medium Probability (Priority 2)
222,India,Lucknow,Indian cake shop and bakery,,,,,6351721810,https://maps.app.goo.gl/qsku31xL88XC1mtz6,Cake Shop,5.0,6,Cake Shop,0.55,27,5,0.549999999999999,Medium Probability (Priority 2)
223,India,Lucknow,Shyam bakery,,,,,9889889371,https://maps.app.goo.gl/n3YXJ1WvBEfuoJkq6,Cake Shop,4.2,39,Cake Shop,0.55,12,2,0.549999999999999,Medium Probability (Priority 2)
224,India,Lucknow,THE CAKE CORNER BAKERY,,,,,7007026220,https://maps.app.goo.gl/xUvpWVDZN6Fvc42q6,Cake Shop,5.0,4,Cake Shop,0.55,22,4,0.549999999999999,Medium Probability (Priority 2)
225,India,Lucknow,Bengal Bakery,,,,,9336704363,https://maps.app.goo.gl/1oW5EyqTVRY9oRnV7,Cake Shop,3.9,34,Cake Shop,0.55,13,2,0.549999999999999,Medium Probability (Priority 2)
226,India,Lucknow,New Good Bakers,,,,,7052646764,https://maps.app.goo.gl/cNrSqbLCixh9v1ow8,Cake Shop,3.7,24,Cake Shop,0.55,15,3,0.549999999999999,Medium Probability (Priority 2)
227,India,Lucknow,Ganj Bakery,,,,,9621454399,https://maps.app.goo.gl/EZ1zfkbPERP4MD9Z9,Cake Shop,5.0,3,Cake Shop,0.55,11,2,0.549999999999999,Medium Probability (Priority 2)
228,India,Lucknow,The Cake Haven,,,,,8545052079,https://maps.app.goo.gl/TgpFra9btuiWvDsW8,Cake Shop,5.0,1,Cake Shop,0.55,14,3,0.549999999999999,Medium Probability (Priority 2)
229,India,Lucknow,JL Cakers,,,,,9889646222,https://maps.app.goo.gl/sRmdtqWSxyuBhgKN9,Cake Shop,4.9,12,Cake Shop,0.55,9,2,0.549999999999999,Medium Probability (Priority 2)
230,USA,New York,Elman's Wines & Liquors,,,,,12126738362,https://maps.app.goo.gl/RZUwFGSjhCmVshGM9,Wine Store,4.3,15,Wine Store,0.55,23,4,0.549999999999999,Medium Probability (Priority 2)
231,USA,New York,Reidy Wine & Liquor Inc,,,,,12122460187,https://maps.app.goo.gl/MTqv4uMzowXmNwEx7,Wine Store,2.9,130,Wine Store,0.55,23,5,0.549999999999999,Medium Probability (Priority 2)
232,USA,New York,De Lauren Wines & Spirits,,,,,12122550854,https://maps.app.goo.gl/SrbYEuozp4Wvr95G6,Wine Store,4.7,91,Wine Store,0.55,25,5,0.549999999999999,Medium Probability (Priority 2)
233,USA,New York,Santo Domingo Bakery,,,,,12125052029,https://maps.app.goo.gl/E4wqyKBhc8MceAsk7,Cake Shop,4.4,239,Cake Shop,0.55,20,3,0.549999999999999,Medium Probability (Priority 2)
234,USA,New York,Yue Lai Bakery,,,,,19172572263,https://maps.app.goo.gl/ZKFjGfXVXmGTY92m6,Cake Shop,3.9,29,Cake Shop,0.55,14,3,0.549999999999999,Medium Probability (Priority 2)
235,India,Patna,Urmila Medical Hall,,,,,8578809997,https://maps.app.goo.gl/LCzDJbrRhBBZHzrr7,Pharmacy,3.9,44,Pharmacy,0.15,19,3,0.15000000000000027,Low Probability (Priority 3)
236,India,Patna,Lifeline Medicals,,,,,9386063660,https://maps.app.goo.gl/TDUWwdEWZBwHyLCQ9,Pharmacy,4.3,7,Pharmacy,0.15,17,2,0.15000000000000027,Low Probability (Priority 3)
237,India,Patna,Nalanda Medical Hall नालंदा मेडिकल हाल,,,,,9934802080,https://maps.app.goo.gl/rtH5fN1xqASULepG7,Pharmacy,4.3,28,Pharmacy,0.15,38,6,0.15000000000000027,Low Probability (Priority 3)
238,India,Patna,Nirmal Medico,,,,,9334299958,https://maps.app.goo.gl/poKEZjsaYRqQ4Jou9,Pharmacy,5.0,23,Pharmacy,0.15,13,2,0.15000000000000024,Low Probability (Priority 3)
239,India,Patna,Dadiji Medical Store,,,,,9304289891,https://maps.app.goo.gl/ypcLrYhsppvcW9VH6,Pharmacy,3.9,21,Pharmacy,0.15,20,3,0.15000000000000027,Low Probability (Priority 3)
240,India,Patna,MAA TARA MEDICAL HALL,,,,,8084540455,https://maps.app.goo.gl/8dcHQ3USzeQQqv6C8,Pharmacy,4.5,21,Pharmacy,0.15,21,4,0.15000000000000027,Low Probability (Priority 3)
241,India,Patna,Sona Medical,,,,,8102224151,https://maps.app.goo.gl/3X2AT9GaaPfLUsZw7,Pharmacy,4.3,18,Pharmacy,0.15,12,2,0.15000000000000024,Low Probability (Priority 3)
242,India,Patna,Riya Medical Hall,,,,,9939250484,https://maps.app.goo.gl/zVBeL5pWbrGfxkSa7,Pharmacy,4.8,9,Pharmacy,0.15,17,3,0.15000000000000027,Low Probability (Priority 3)
243,India,Patna,Nalanda Medicals,,,,,9835286712,https://maps.app.goo.gl/DrdRS2hry5sbyrsy8,Pharmacy,4.6,5,Pharmacy,0.15,16,2,0.15000000000000027,Low Probability (Priority 3)
244,India,Patna,Sona Medicals,,,,,6122281025,https://maps.app.goo.gl/QoJgDcTdngCAH9A16,Pharmacy,4.0,11,Pharmacy,0.15,13,2,0.15000000000000024,Low Probability (Priority 3)
245,India,Patna,Alok medicals hall,,,,,9608245629,https://maps.app.goo.gl/bU1PPanwjSNDoqwq9,Pharmacy,4.0,6,Pharmacy,0.15,18,3,0.15000000000000027,Low Probability (Priority 3)
246,India,Patna,Anuradha Medicals,,,,,9113305192,https://maps.app.goo.gl/kR7jtLxuL4oiDaxE8,Pharmacy,4.7,3,Pharmacy,0.15,17,2,0.15000000000000027,Low Probability (Priority 3)
247,India,Patna,JALPAN MEDICAL HALL,,,,,7004996603,https://maps.app.goo.gl/j2nTiNoD48Te77oXA,Pharmacy,3.8,56,Pharmacy,0.15,19,3,0.15000000000000027,Low Probability (Priority 3)
248,India,Patna,Paras Medical Hall,,,,,9386803691,https://maps.app.goo.gl/sbneKqdwRbKKwSc99,Pharmacy,4.0,8,Pharmacy,0.15,18,3,0.15000000000000027,Low Probability (Priority 3)
249,India,Patna,Ujala Medical,,,,,9801835490,https://maps.app.goo.gl/McwUurVvyMkMqJgL9,Pharmacy,3.9,18,Pharmacy,0.15,13,2,0.15000000000000024,Low Probability (Priority 3)
250,USA,New York,Elegant Express Tailor,,,,,12126747341,https://maps.app.goo.gl/1eFKWkjmXtqrAse57,Tailor,4.1,172,Tailor,0.55,22,3,0.549999999999999,Medium Probability (Priority 2)
251,USA,New York,Cardelino NYC Tailoring,,,,,12124774654,https://maps.app.goo.gl/y3j7Bu67HpoTF5yG7,Tailor,4.9,25,Tailor,0.55,23,3,0.549999999999999,Medium Probability (Priority 2)
252,USA,New York,P J D Custom Tailoring & Alterations,,,,,19179383985,https://maps.app.goo.gl/xb2DNxeZDDDfmHRS8,Tailor,4.5,51,Tailor,0.55,36,7,0.549999999999999,Medium Probability (Priority 2)
253,USA,New York,D'Alex Tailor Shop,,,,,12122283986,https://maps.app.goo.gl/6jq5A8nWATbQfZHx9,Tailor,4.6,33,Tailor,0.55,18,3,0.549999999999999,Medium Probability (Priority 2)
254,USA,New York,Sastreria Garcia,,,,,16462718905,https://maps.app.goo.gl/VK8bYpz6nyTyLMGN9,Tailor,4.5,71,Tailor,0.55,16,2,0.549999999999999,Medium Probability (Priority 2)
255,India,Patna,Medisinen Medical Shop,,,,,9304398435,https://maps.app.goo.gl/bVa56rn7MDvG4Vdy9,Pharmacy,5.0,138,Pharmacy,0.15,22,3,0.15000000000000027,Low Probability (Priority 3)
256,India,Patna,Drug O2 | Medical Store | Online Medicine Order Patna,,,,,7768030303,https://maps.app.goo.gl/UNNj8RU9cJnWzKFf9,Pharmacy,4.8,236,Pharmacy,0.15,53,10,0.15000000000000027,Low Probability (Priority 3)
257,India,Patna,Radha Medicals,,,,,9334083440,https://maps.app.goo.gl/8mhNHs1X5XToWmZK9,Pharmacy,4.5,27,Pharmacy,0.15,14,2,0.15000000000000024,Low Probability (Priority 3)
258,India,Patna,SAGUN MEDICAL,,,,,9117177771,https://maps.app.goo.gl/pJEgvitVF6LfkWQ99,Pharmacy,4.7,161,Pharmacy,0.15,13,2,0.15000000000000024,Low Probability (Priority 3)
259,India,Patna,Healthcare Medicines - Home delivery available,,,,,8092210210,https://maps.app.goo.gl/R8n6KZiDRfFLE3Pw6,Pharmacy,4.9,59,Pharmacy,0.15,46,6,0.15000000000000027,Low Probability (Priority 3)
260,India,Patna,Geetanjali Medical,,,,,9430270997,https://maps.app.goo.gl/EYP6XF4H1wmHNwtq7,Pharmacy,3.6,54,Pharmacy,0.15,18,2,0.15000000000000027,Low Probability (Priority 3)
261,India,Patna,New GetWell Medical,,,,,9931714161,https://maps.app.goo.gl/5dh9pFhJSZCrfcsU7,Pharmacy,4.0,26,Pharmacy,0.15,19,3,0.15000000000000027,Low Probability (Priority 3)
262,India,Patna,New Krishna Medical Hall,,,,,8434744899,https://maps.app.goo.gl/hRLgL4vzpT48YYh9A,Pharmacy,4.8,23,Pharmacy,0.15,24,4,0.15000000000000027,Low Probability (Priority 3)
263,India,Patna,Kamal Medical Hall,,,,,8252220418,https://maps.app.goo.gl/6qwJ2jqBntNpsxCq9,Pharmacy,4.7,92,Pharmacy,0.15,18,3,0.15000000000000027,Low Probability (Priority 3)
264,India,Patna,Aditya Medicals,,,,,9771407251,https://maps.app.goo.gl/54K4dsA5JBvnXX6e6,Pharmacy,4.7,12,Pharmacy,0.15,15,2,0.15000000000000027,Low Probability (Priority 3)
265,India,Patna,Shobha Medicals,,,,,8340499972,https://maps.app.goo.gl/RpbNPNnLj1sZSpBUA,Pharmacy,4.2,36,Pharmacy,0.15,15,2,0.15000000000000027,Low Probability (Priority 3)
266,India,Patna,Anubha Medical Hall,,,,,9431493121,https://maps.app.goo.gl/xkQq5Pux4Rx1uT4c6,Pharmacy,4.3,16,Pharmacy,0.15,19,3,0.15000000000000027,Low Probability (Priority 3)
267,India,Patna,AUSHDHAM MEDICAL STORE,,,,,6201374184,https://maps.app.goo.gl/FYcifXwevE523wg79,Pharmacy,4.7,14,Pharmacy,0.15,22,3,0.15000000000000027,Low Probability (Priority 3)
268,India,Patna,"Sri Vishnu Medical Hall, Patna",,,,,7992310993,https://maps.app.goo.gl/AGJDKxTCij2YVBHr7,Pharmacy,4.8,4,Pharmacy,0.15,30,5,0.15000000000000027,Low Probability (Priority 3)
269,India,Patna,New Chopra Medical,,,,,9693204765,https://maps.app.goo.gl/2U63iubCrh786xiK9,Pharmacy,3.8,63,Pharmacy,0.15,18,3,0.15000000000000027,Low Probability (Priority 3)
270,USA,New York,Expert Tailoring,,,,,12122541151,https://maps.app.goo.gl/QYE7UDQKzT5a1qXr7,Tailor,4.5,82,Tailor,0.55,16,2,0.549999999999999,Medium Probability (Priority 2)
271,USA,New York,Alteration Concept,,,,,12128976543,https://maps.app.goo.gl/px7TFBKq2xdRpagU9,Tailor,4.6,58,Tailor,0.55,18,2,0.549999999999999,Medium Probability (Priority 2)
272,USA,New York,BLUE 35 TAILOR & CLEANERS,,,,,12127361167,https://maps.app.goo.gl/E6qg3MmRHLnd9SV18,Tailor,4.6,85,Tailor,0.55,25,5,0.549999999999999,Medium Probability (Priority 2)
273,USA,New York,Larry Custom Tailors and Alterations,,,,,12129673493,https://maps.app.goo.gl/H4wNZ2sCC3Fn45AP9,Tailor,5.0,10,Tailor,0.55,36,5,0.549999999999999,Medium Probability (Priority 2)
274,USA,New York,Adelso Clasico Tailor,,,,,13477931429,https://maps.app.goo.gl/76gEjcmfzPM1n1Pz9,Tailor,4.7,69,Tailor,0.55,21,3,0.549999999999999,Medium Probability (Priority 2)
275,India,Patna,Gayatri Medical Hall,,,,,9693837617,https://maps.app.goo.gl/XVmfK8y66mdWsi8r7,Pharmacy,4.3,6,Pharmacy,0.15,20,3,0.15000000000000027,Low Probability (Priority 3)
276,India,Patna,Mahaveer Medicals,,,,,9608266633,https://maps.app.goo.gl/VzCMTa1xKq4N8WMn9,Pharmacy,4.2,10,Pharmacy,0.15,17,2,0.15000000000000027,Low Probability (Priority 3)
277,India,Patna,Divya Medico,,,,,9905050226,https://maps.app.goo.gl/vuqJy2yhxozMn8hr8,Pharmacy,2.3,3,Pharmacy,0.15,12,2,0.15000000000000024,Low Probability (Priority 3)
278,India,Patna,PRABHAT MEDICAL HALL,,,,,8873759590,https://maps.app.goo.gl/YUBhW55pHToaxg826,Pharmacy,3.9,19,Pharmacy,0.15,20,3,0.15000000000000027,Low Probability (Priority 3)
279,India,Patna,Tara Medical Hall,,,,,7541811717,https://maps.app.goo.gl/i6zCfe4riLm4ZFmN8,Pharmacy,5.0,2,Pharmacy,0.15,17,3,0.15000000000000027,Low Probability (Priority 3)
280,India,Patna,Unani medical patna,,,,,7903638039,https://maps.app.goo.gl/DX8wk2FGCwqqVwWJ6,Pharmacy,4.8,5,Pharmacy,0.15,19,3,0.15000000000000027,Low Probability (Priority 3)
281,India,Patna,DEV MEDICAL & Path Lab center,,,,,7209642334,https://maps.app.goo.gl/avSoLBL7ZoiikyGr5,Pharmacy,4.9,24,Pharmacy,0.15,29,6,0.15000000000000027,Low Probability (Priority 3)
282,India,Patna,Pacific Surgicals And Pharmacy,,,,,6203186077,https://maps.app.goo.gl/HbavHWZzPp2iiKpaA,Pharmacy,4.6,25,Pharmacy,0.15,30,4,0.15000000000000027,Low Probability (Priority 3)
283,India,Patna,Medical Store,,,,,7544824817,https://maps.app.goo.gl/XZzySez27gdwPd6o9,Pharmacy,2.3,4,Pharmacy,0.15,13,2,0.15000000000000024,Low Probability (Priority 3)
284,India,Patna,Dawai Medical Hall,,,,,9534438460,https://maps.app.goo.gl/bdRASB34szttVtTNA,Pharmacy,4.6,16,Pharmacy,0.15,18,3,0.15000000000000027,Low Probability (Priority 3)
285,India,Patna,Sulekha Medical Hall,,,,,9386773875,https://maps.app.goo.gl/sShNStGhCEYayiKs6,Pharmacy,4.0,3,Pharmacy,0.15,20,3,0.15000000000000027,Low Probability (Priority 3)
286,India,Patna,Mahaveer Medical,,,,,7488074261,https://maps.app.goo.gl/Jo1DDFc4FsY4mn82A,Pharmacy,0.0,0,Pharmacy,0.15,16,2,0.15000000000000027,Low Probability (Priority 3)
287,India,Patna,Jain Medical Agency,,,,,6122300915,https://maps.app.goo.gl/U6GjyB97wYVMLNT38,Pharmacy,5.0,2,Pharmacy,0.15,19,3,0.15000000000000027,Low Probability (Priority 3)
288,USA,New York,Tailor New York,,,,,12128401871,https://maps.app.goo.gl/fJt1FVvSNYZ3PUz18,Tailor,4.4,69,Tailor,0.55,15,3,0.549999999999999,Medium Probability (Priority 2)
289,USA,New York,Bosco & Barraza Tailors,,,,,12127533990,https://maps.app.goo.gl/HLtkVGGYiST4nj5V8,Tailor,4.2,14,Tailor,0.55,23,4,0.549999999999999,Medium Probability (Priority 2)
290,USA,New York,Woodside Tailor Shop,,,,,17183923382,https://maps.app.goo.gl/Lhr7GNA1W6tSA2iS6,Tailor,3.9,18,Tailor,0.55,20,3,0.549999999999999,Medium Probability (Priority 2)
291,USA,New York,LNC Tailor & Bespoke Shop est 1981,,,,,12124069527,https://maps.app.goo.gl/DVq9KBV5KKXCJGjT9,Tailor,4.9,436,Tailor,0.55,34,7,0.549999999999999,Medium Probability (Priority 2)
292,USA,New York,Expert Tailoring,,,,,12122541151,https://maps.app.goo.gl/h8MahW6yii6aTBjQ9,Tailor,4.5,82,Tailor,0.55,16,2,0.549999999999999,Medium Probability (Priority 2)
293,India,Patna,Mobile medical,,,,,8540999641,https://maps.app.goo.gl/RWyvkQ91hoHLPvZw9,Pharmacy,4.9,374,Pharmacy,0.15,14,2,0.15000000000000024,Low Probability (Priority 3)
294,India,Patna,Sri Maa Medical,,,,,8617433071,https://maps.app.goo.gl/91WGK16EK8MmVYxG8,Pharmacy,5.0,1,Pharmacy,0.15,15,3,0.15000000000000027,Low Probability (Priority 3)
295,India,Patna,Paras Medical Hall,,,,,8210184659,https://maps.app.goo.gl/HLTBEoMhCUiXNdsA9,Pharmacy,0.0,0,Pharmacy,0.15,18,3,0.15000000000000027,Low Probability (Priority 3)
296,India,Patna,Das Medical Hall,,,,,8789822353,https://maps.app.goo.gl/bjZegjkSwRA84cA4A,Pharmacy,5.0,2,Pharmacy,0.15,16,3,0.15000000000000027,Low Probability (Priority 3)
297,India,Patna,Ayush Medical,,,,,9386999603,https://maps.app.goo.gl/DkL3kFFn3PD3UkxG6,Pharmacy,5.0,2,Pharmacy,0.15,13,2,0.15000000000000024,Low Probability (Priority 3)
